user_id,recommendations
1340,"[912704, 1037840, 1087755, 1075368, 906864]"
588,"[1106523, 933835, 1050851, 866211, 1068719]"
2070,"[1029743, 913210, 999270, 933067, 12810391]"
1602,"[1070820, 1082185, 1098844, 1029743, 1044259]"
447,"[1029743, 926905, 1106523, 1075368, 899624]"
117,"[6463729, 940947, 999270, 999104, 929410]"
1762,"[1082185, 1029743, 983584, 976199, 1056509]"
1550,"[1029743, 1106523, 5587656, 871756, 899624]"
2475,"[5578856, 1121384, 1070820, 971922, 5569471]"
762,"[986912, 1070820, 1098844, 1068719, 1022254]"
1453,"[1092588, 6034857, 986912, 12171656, 979707]"
2322,"[1127831, 1082185, 1126899, 899624, 854852]"
1257,"[1126899, 1106523, 1029743, 1070820, 963835]"
1794,"[1029743, 1106523, 843464, 5569230, 10344585]"
1328,"[875089, 1029743, 922561, 999779, 916122]"
1061,"[5585510, 1106523, 899624, 13841744, 1127758]"
1566,"[1082185, 976199, 979707, 1022254, 1004906]"
1179,"[1056509, 971922, 899624, 1101010, 1116050]"
2489,"[1068719, 1029743, 999270, 9338009, 937292]"
2184,"[1106523, 983584, 8090521, 1056509, 901067]"
2228,[]
1277,"[1106523, 1006483, 1116635, 8090521, 1090884]"
1804,"[1029743, 916993, 948670, 1127831, 852856]"
1735,"[1068719, 1004906, 1082990, 8019273, 8090537]"
1821,"[1106523, 983584, 979707, 899624, 933835]"
1907,"[1029743, 976199, 916122, 872137, 1022254]"
1393,"[12810393, 12757544, 6034857, 1062128, 901062]"
844,"[1127831, 1026118, 5566472, 986912, 933835]"
1724,"[1126899, 957951, 824305, 829852, 1104343]"
1854,"[1062002, 1046756, 1055504, 957736, 1004906]"
2285,"[991874, 857503, 1029743, 8293343, 6633273]"
1944,"[1070820, 1029743, 880427, 1022254, 1106523]"
106,"[5569230, 1029743, 1116050, 894439, 6034857]"
534,"[1124695, 1029743, 986912, 832678, 1068719]"
1366,"[14106445, 1101010, 922561, 5566800, 1126899]"
401,"[1070272, 1127758, 986912, 6602697, 942166]"
894,"[1138631, 854852, 8177622, 1137688, 901062]"
397,"[985999, 1126899, 933835, 1043787, 892573]"
853,"[9653714, 12171656, 1043787, 862010, 916122]"
538,"[1070820, 1082212, 1098844, 906838, 916122]"
663,"[1082185, 1106523, 878996, 1029743, 8090509]"
1398,"[1106523, 1029743, 844179, 1044078, 1068719]"
1570,"[979707, 976199, 1070702, 908318, 7139529]"
1305,"[1106523, 983584, 944139, 1029743, 907631]"
1994,"[1079482, 1075368, 12757162, 1126899, 5568378]"
882,"[1137775, 1029743, 1106523, 957063, 933835]"
1795,"[1070820, 890610, 914318, 1068719, 838186]"
1491,"[1106523, 1029743, 901062, 965766, 916122]"
2241,"[1029743, 933835, 8273833, 1124695, 1106523]"
2015,"[12301405, 12810393, 1082185, 940947, 1029743]"
696,"[1126899, 1082185, 983584, 901062, 971922]"
1412,"[9487606, 1029743, 885290, 965766, 832678]"
981,"[1082212, 1029743, 913210, 1106523, 1135834]"
1651,"[1029743, 1104343, 1092303, 948670, 1111129]"
292,"[1106523, 986912, 1029743, 1043920, 913210]"
1203,"[1106523, 866211, 1042438, 982469, 1069506]"
2194,"[866211, 1062128, 1040807, 8090537, 1081177]"
204,"[1070820, 1029743, 6034857, 872137, 923670]"
1770,"[951412, 1022254, 916122, 1029743, 854754]"
81,"[1029743, 971922, 1093413, 933835, 1132771]"
64,"[1131344, 7410336, 1013928, 1106523, 949023]"
2238,"[971983, 1029743, 6391080, 1056509, 896085]"
2484,"[1029743, 899624, 1127758, 834117, 913210]"
841,"[1106523, 1044078, 844179, 916122, 983659]"
1166,"[1029743, 843464, 899624, 1068719, 5568447]"
804,"[1029743, 871756, 957063, 5587656, 983584]"
2363,"[1070820, 1106523, 834117, 944137, 946839]"
1659,"[1029743, 1106523, 6034857, 1044078, 990797]"
2151,"[1029743, 1106523, 976199, 983584, 1038663]"
101,"[1106523, 929410, 1004906, 1123106, 1001277]"
1397,"[1106523, 880150, 1068719, 944534, 832678]"
1510,"[986912, 1051211, 1040807, 901062, 899624]"
1240,"[1070820, 6034857, 1081177, 5568378, 913210]"
113,"[1070820, 1098844, 976199, 1081177, 872137]"
382,"[999250, 823862, 1125278, 933835, 883003]"
18,"[976199, 1134483, 835278, 951412, 1022066]"
228,"[1126899, 1139782, 1029743, 1106523, 5569471]"
1637,"[1014948, 986912, 971922, 827999, 1132911]"
442,"[1126899, 1029743, 1106523, 976199, 990797]"
1128,"[921406, 1106523, 1116050, 1081177, 1097280]"
1137,"[935527, 1124432, 885290, 924667, 1029743]"
1530,"[6548453, 999104, 936830, 1029743, 1055504]"
1653,"[1029743, 1044078, 899624, 865456, 1127831]"
360,"[5568378, 1106523, 1029743, 1068719, 1121360]"
1454,"[1082185, 1029743, 979707, 1127831, 1098248]"
2189,"[1042942, 913210, 834117, 1015280, 1065979]"
900,"[986912, 1068719, 976199, 5569230, 1040807]"
485,"[1029743, 899624, 1098248, 1044078, 957736]"
885,"[5587656, 1106523, 1029743, 1006483, 937292]"
1030,[]
1004,"[6979248, 1029743, 859154, 1009719, 1133254]"
1051,"[1137775, 1029743, 12731714, 965766, 933835]"
433,"[1106523, 5565202, 1082185, 1029743, 925862]"
1658,"[963727, 841236, 885290, 1006184, 888543]"
1394,"[940947, 6034857, 845975, 6979545, 956672]"
119,"[1029743, 825703, 995478, 986912, 1097761]"
2264,"[1126899, 916122, 5566472, 908318, 9677366]"
618,"[1106523, 1070820, 1037840, 986912, 1101010]"
1262,[]
20,"[10149303, 944454, 1075368, 8090536, 1126899]"
2360,"[1029743, 883003, 909714, 5568729, 916122]"
243,"[1126899, 6034857, 1071446, 901062, 1085435]"
125,"[5568378, 1029743, 1126899, 8090537, 834117]"
768,"[1029743, 913210, 834117, 844179, 1044078]"
13,"[1029743, 1126899, 1068719, 1038985, 1106523]"
1937,"[1070820, 999104, 833724, 986912, 1068719]"
1151,"[1136524, 1106523, 6602697, 982469, 1068292]"
1694,"[1044078, 844179, 835098, 916122, 910032]"
1704,"[890610, 873324, 1068719, 965766, 1037840]"
2237,"[6533936, 916122, 872137, 976199, 844179]"
707,"[1029743, 1098844, 1044078, 844179, 1068719]"
2076,"[854852, 1098844, 880427, 1137775, 854754]"
2130,"[1082185, 1106523, 872137, 899624, 983584]"
1406,"[943362, 1082185, 1040807, 933835, 998119]"
208,"[12352293, 1070820, 885290, 899624, 865456]"
2330,"[1070820, 1056509, 1029743, 916993, 1126899]"
1720,"[5568729, 1040807, 834117, 1070820, 916122]"
239,"[1044078, 844179, 1101010, 1106523, 948670]"
1579,"[1029743, 916122, 844179, 983584, 1004906]"
470,"[1119784, 986596, 908314, 1029743, 871633]"
1803,"[1056509, 1022254, 1029743, 1068719, 899624]"
920,"[9884698, 1106523, 1082185, 1097001, 7152455]"
301,"[1040807, 940947, 1094924, 1029743, 1044078]"
2050,"[899624, 866211, 12731714, 13841744, 857503]"
2162,"[6395907, 1029743, 871756, 1052294, 1042438]"
1489,"[1029743, 933835, 844179, 849202, 910473]"
1172,"[963686, 1029743, 1102416, 1106523, 852080]"
1287,"[965766, 872137, 885290, 1042438, 1081177]"
32,"[1068719, 901062, 8293447, 908318, 959737]"
695,"[1082185, 1029743, 933835, 899624, 1122358]"
404,"[9392953, 1092588, 990256, 1090587, 971983]"
1355,"[1029743, 899624, 1004906, 916122, 1056509]"
1091,"[1029743, 899624, 5569230, 1056509, 1041796]"
79,"[1103513, 1087411, 1070820, 1127328, 1068719]"
1228,"[866211, 1106523, 5569471, 899624, 1068719]"
1046,"[1126899, 6034857, 1055504, 854852, 857503]"
389,"[1126899, 1098844, 916122, 9835509, 1022254]"
1618,"[9420183, 12262992, 1070820, 1006184, 866211]"
2479,"[1106523, 916122, 1040807, 1127831, 909714]"
426,"[14106445, 1098844, 1011926, 1022254, 1098248]"
550,[]
553,"[1029743, 1075368, 1040807, 849202, 1051211]"
1956,"[9676852, 1126899, 1070820, 1029743, 933835]"
2215,"[1112205, 1128240, 880150, 1106523, 979707]"
451,"[999189, 1070820, 1044078, 925862, 934639]"
891,"[866211, 983584, 1106523, 1093571, 8065410]"
2102,"[9333734, 12262778, 940947, 1116050, 1045586]"
1580,"[1029743, 916122, 1106523, 1135258, 939636]"
669,"[1082185, 1126899, 1098844, 880427, 951412]"
396,"[1075368, 1029743, 879031, 1126899, 1070702]"
1042,"[916122, 856252, 985999, 1132771, 906838]"
432,"[1029743, 1044078, 844179, 1004906, 916122]"
1459,"[6514160, 8065410, 872137, 948832, 934948]"
345,"[6602697, 1137775, 1029743, 1068719, 916122]"
850,"[1029743, 916122, 1044078, 957232, 986912]"
2401,"[1106523, 848029, 6979518, 1029743, 5585510]"
2412,"[13841744, 9836106, 1106523, 1044078, 899624]"
2154,"[999270, 1106523, 901062, 1033142, 1105488]"
2420,"[12731714, 1121059, 9835223, 1106523, 999779]"
569,"[6391080, 921406, 1085435, 1097280, 12428017]"
1547,"[1029743, 968992, 1106523, 963835, 883932]"
975,"[13381584, 5569327, 9802981, 868888, 5569471]"
511,"[1029743, 1116635, 1044078, 983584, 944139]"
2132,"[1004906, 899624, 1029743, 901062, 5578547]"
161,"[12352054, 976199, 1050851, 1051323, 957063]"
2301,"[983584, 1029743, 1082185, 910032, 8090513]"
888,"[916122, 6034857, 901062, 856252, 1029743]"
2483,"[948832, 1070820, 1004906, 6533936, 1106523]"
710,"[1024051, 1106523, 944139, 1068719, 999714]"
949,"[940947, 5568378, 1029743, 6034857, 859154]"
2198,"[986912, 892573, 913210, 844179, 863762]"
1367,"[1126899, 979707, 1116635, 940947, 1070820]"
594,"[1029743, 1106523, 957232, 8090537, 896085]"
972,"[6632283, 13008334, 5590765, 1136719, 13007846]"
418,"[13190349, 12385477, 1029743, 940947, 1135834]"
2459,"[1029743, 1004906, 854852, 1070820, 1128016]"
2460,"[5569230, 5568378, 9803601, 1106523, 5569471]"
1425,"[940947, 1101010, 1029743, 933835, 893018]"
1378,"[9653535, 10306691, 5585510, 1062002, 909268]"
560,"[1029743, 999104, 1004906, 933835, 951197]"
982,"[5563693, 5569230, 1075368, 1029743, 899624]"
855,"[6424472, 1029743, 916993, 986912, 1098844]"
728,"[1029743, 976199, 899624, 1004906, 844179]"
1029,"[13213604, 1126899, 885290, 933835, 1040807]"
2274,"[1082185, 933835, 1101010, 1106523, 1040807]"
1475,"[1070820, 844179, 916122, 1056509, 933835]"
463,"[1082185, 1106523, 1055504, 901062, 1051516]"
2116,"[1099089, 1070820, 1098844, 976199, 6034857]"
1643,"[1106523, 1016800, 896085, 926905, 893018]"
91,"[1029743, 1110409, 1136524, 989275, 1005849]"
638,"[7139529, 1059347, 1029743, 971922, 844179]"
1534,"[1070820, 999198, 926905, 907631, 971983]"
1297,"[1082185, 1026118, 1029743, 854852, 867138]"
603,"[1106523, 871756, 882604, 1069003, 1041796]"
1557,"[1095944, 1106523, 1026118, 962266, 888586]"
759,"[936914, 5568447, 986912, 6391381, 1000237]"
37,"[1097001, 916990, 1056212, 1067695, 1132956]"
1484,"[1022254, 1036347, 915459, 915493, 1127831]"
1767,"[1106523, 1029743, 5569230, 1004906, 1116635]"
1358,"[1106523, 1068719, 1029743, 1041796, 866211]"
558,"[1106523, 833724, 893018, 1044078, 844179]"
2263,"[976199, 1044078, 1029743, 1022254, 6602697]"
246,"[1070820, 1082212, 1106523, 1029743, 1036347]"
916,"[824193, 1126899, 1075368, 1006483, 5568249]"
823,"[986912, 8090440, 1118946, 883932, 823704]"
1620,"[1106523, 1044078, 899624, 5587656, 1068719]"
2467,"[1126899, 1083446, 944836, 1058754, 12648296]"
2086,"[1082185, 880150, 986912, 5585510, 948670]"
1383,"[1034176, 1029743, 6034857, 1106523, 5568729]"
1564,"[854852, 899624, 866211, 995478, 930118]"
2352,"[1029743, 1106523, 8273833, 999270, 869047]"
358,"[879008, 5568489, 1106523, 5569230, 872137]"
2199,"[1126899, 1029743, 1070820, 916993, 940947]"
802,"[1118946, 8357613, 983584, 1029743, 1041796]"
747,"[8090537, 1029743, 1021715, 1106523, 866211]"
386,"[1029743, 1106523, 1044078, 844179, 944139]"
1164,"[1070820, 880427, 1062002, 893676, 1110218]"
1445,"[6034857, 1029743, 909714, 5568729, 1004906]"
1479,"[977374, 1029743, 1106523, 932462, 7154535]"
285,"[944534, 1044078, 899624, 1070702, 908283]"
563,"[1029743, 1075368, 865705, 1105917, 929018]"
1142,"[6602697, 965766, 916122, 1067695, 1108094]"
1529,"[1044078, 1106523, 844179, 999858, 965530]"
2023,"[1029743, 1106523, 5569374, 852856, 1011457]"
744,"[899624, 844179, 1098844, 916122, 1051323]"
2147,"[1106523, 976199, 933835, 1098248, 880427]"
2429,"[1106523, 899624, 1029743, 1042942, 1082185]"
2334,"[1029743, 1075368, 5568378, 1042438, 1102416]"
1729,"[1075368, 858999, 888586, 962266, 849202]"
1751,"[1070820, 1082990, 825365, 1051323, 1004906]"
2462,"[979707, 1029743, 901062, 6034857, 1022254]"
215,"[985999, 6391089, 871611, 1016298, 916993]"
2350,[]
784,"[5569230, 1139782, 983584, 938596, 1068719]"
1535,"[9884484, 1106523, 1130458, 1044078, 944534]"
800,"[9677236, 1130029, 916122, 8090537, 9835509]"
1558,"[1006184, 5569374, 1030093, 6534077, 1029743]"
484,"[976199, 1006483, 946839, 1050851, 853998]"
377,"[12302069, 1082185, 1126899, 1029743, 899624]"
2065,"[1029743, 916122, 8090521, 1037840, 982469]"
771,"[916122, 6034857, 940947, 844179, 1004906]"
1159,"[1082185, 5585510, 6391080, 8090532, 1068719]"
604,"[6979545, 7441668, 914577, 885863, 909714]"
2003,"[1051211, 5569471, 10344585, 867547, 857503]"
27,"[1101589, 1102416, 963686, 883186, 1029252]"
614,"[1029743, 965766, 902172, 947201, 883003]"
1604,"[832678, 1051211, 1029743, 1106523, 968164]"
278,"[1138292, 902172, 1133312, 891505, 917384]"
1015,"[1037332, 832678, 916993, 1096261, 947412]"
672,"[899624, 983584, 1029743, 916993, 8090537]"
87,"[1079528, 6391089, 1083043, 1048257, 8293385]"
105,"[1004906, 965766, 1106523, 940947, 854405]"
8,"[872137, 916122, 1029743, 1004906, 899624]"
211,"[998444, 962229, 832678, 856942, 1081177]"
2267,"[8019977, 1126899, 1091901, 1029743, 913210]"
311,"[10456613, 1106523, 1029743, 866211, 878996]"
703,"[5569230, 1043751, 883068, 901776, 940947]"
1676,"[1022254, 921406, 1011926, 1098844, 888586]"
95,"[1088771, 8090532, 8090521, 1029743, 976199]"
612,"[12132648, 1029743, 910032, 850102, 5568378]"
1941,"[1044078, 1029743, 1106523, 916122, 947798]"
2380,"[1029743, 1106523, 1122358, 948670, 1070820]"
1010,"[1076954, 1029743, 953539, 1070820, 1036093]"
1188,"[1029743, 843464, 1044078, 1106523, 15926844]"
1105,[]
2048,"[6391137, 1106523, 1029743, 1075368, 871756]"
1376,"[1029743, 8090537, 1004906, 1022254, 899624]"
1391,"[8090532, 893018, 6034857, 991223, 6534030]"
2426,"[1060408, 1029743, 1106523, 1043494, 1058404]"
598,"[965766, 12731544, 1105917, 8090532, 9553382]"
840,"[1029743, 1038985, 1040807, 965766, 1135258]"
1113,"[1126899, 916122, 845208, 1004906, 1056509]"
1883,"[8090521, 933835, 891505, 983584, 1106523]"
1474,"[5568378, 1106523, 933835, 844179, 883932]"
489,"[986912, 1043787, 1022254, 1087102, 1019247]"
104,"[1098844, 907631, 919534, 1029743, 933835]"
1020,"[5981267, 1070820, 10149640, 899624, 833724]"
1837,"[854852, 8090537, 979707, 909714, 957736]"
2351,"[916122, 976199, 1004906, 991223, 843464]"
1719,"[1070820, 940947, 1106523, 976199, 1029743]"
1581,"[909714, 6463775, 1029743, 916122, 1106523]"
1856,"[1070820, 1029743, 1050851, 986912, 12810393]"
1839,"[1070727, 9553048, 867547, 9553382, 889551]"
2485,"[12695224, 5569471, 8276172, 910032, 907631]"
956,"[1070820, 12262830, 1022254, 940947, 933835]"
250,"[9835509, 8090537, 10149640, 1029743, 1056509]"
1942,"[1029743, 5569230, 5585510, 6391381, 1106523]"
464,"[1029743, 993638, 8065410, 999270, 844179]"
805,"[1044188, 1029743, 899624, 916122, 979707]"
702,"[12731432, 9835947, 1029743, 899624, 916122]"
133,"[1022254, 979707, 872137, 1029743, 1062002]"
454,"[1029743, 1082185, 899624, 844179, 1068719]"
1467,"[834117, 986912, 1106523, 5569327, 1037840]"
2057,"[1043494, 913210, 993638, 834117, 977798]"
430,"[1006483, 1029743, 5569230, 1068719, 1106523]"
233,"[1029743, 1106523, 1122568, 1131488, 1068719]"
1707,"[1050851, 831063, 986912, 9884484, 1029743]"
1402,"[1106523, 937292, 6391381, 976199, 965766]"
2275,"[916122, 1044078, 844179, 899624, 999858]"
1111,"[1082185, 1106523, 854852, 899624, 1004906]"
2340,"[1075007, 1029743, 1106523, 834117, 913210]"
1326,"[1029743, 899624, 1044078, 1056509, 983584]"
863,"[5569135, 1029743, 1106523, 916122, 1119761]"
2084,"[9652066, 6424471, 1108094, 983584, 878715]"
67,"[1029743, 1098844, 933835, 971922, 899624]"
1621,"[1106523, 1029743, 1101010, 1138443, 1040807]"
1952,"[1029743, 12731544, 1106523, 999779, 976199]"
304,"[1029743, 1082185, 1106523, 1044078, 1051211]"
2169,"[5585510, 1029743, 1126899, 1042571, 899624]"
178,"[963686, 1040807, 967461, 1029743, 13841744]"
928,"[835098, 824305, 1092303, 829852, 1046756]"
415,"[864893, 1090884, 1029743, 965766, 1068719]"
621,"[1112825, 1107039, 1132771, 7024871, 7025202]"
2088,"[1029743, 1082185, 1128016, 1050851, 1026118]"
1040,"[1075368, 1126899, 8090532, 999090, 906838]"
1168,"[1019637, 1055044, 1029743, 983584, 916993]"
2272,"[883665, 1082185, 1040807, 1104343, 1029743]"
2307,"[883003, 999104, 1098844, 1006184, 1138443]"
1930,"[1029743, 1122358, 846417, 1051323, 957063]"
822,[]
1180,"[1029743, 965766, 1122358, 5587656, 1104649]"
1832,"[1029743, 1106523, 916122, 1126045, 929018]"
1298,"[1029743, 931255, 899624, 1004906, 825541]"
1074,"[1029743, 940947, 902172, 1133254, 1074754]"
2208,"[1128016, 12810393, 5569230, 1106523, 940947]"
1627,"[10457590, 1082185, 880427, 1029743, 1068719]"
940,"[1019637, 1074040, 1030093, 9526448, 975649]"
708,"[1102949, 1029743, 845208, 1004906, 866211]"
2406,"[1006184, 1126899, 896085, 1028891, 899624]"
1418,"[948670, 956672, 1098844, 7410336, 990797]"
1963,"[886996, 951197, 5569374, 854405, 839419]"
1219,"[1029743, 1106523, 1105917, 916122, 844179]"
2032,[]
706,"[1029743, 933835, 976199, 834117, 971922]"
1673,"[1106523, 899624, 1044078, 999779, 844179]"
303,"[1118033, 1040807, 1029743, 822225, 999270]"
729,"[899624, 901062, 866211, 854852, 1004906]"
590,"[1106523, 916122, 944534, 899624, 1044078]"
517,"[1126899, 872137, 1062128, 904997, 933835]"
1775,"[1122568, 1082185, 1126899, 866211, 856942]"
596,"[1068719, 8090537, 8090521, 1106523, 1025581]"
2247,"[1042544, 1106523, 1044078, 1022254, 983584]"
1066,"[986912, 835098, 885290, 1004906, 854405]"
676,"[1013928, 1106523, 899624, 1044078, 1081177]"
1321,"[9803545, 1075470, 1106523, 1029743, 893018]"
1759,"[1126899, 1044078, 1068719, 5590613, 940947]"
1961,"[1106523, 1029743, 1101010, 1061228, 1037840]"
2125,"[1029743, 883003, 976199, 940947, 1068719]"
671,"[847434, 1067606, 1029743, 1097001, 982790]"
460,"[1029743, 1098844, 1106523, 1004054, 1089954]"
2284,"[8014645, 1070820, 916122, 872137, 1126899]"
2159,"[5592931, 1106523, 1038745, 1131344, 910673]"
1781,"[1031316, 1037840, 950638, 890610, 863632]"
325,"[1029743, 976199, 1037840, 872137, 916993]"
134,"[1082185, 913210, 1135834, 1029743, 1101010]"
661,"[1004596, 904359, 13158064, 899624, 1014948]"
219,"[1127831, 1098844, 866211, 1132771, 854852]"
1205,"[1029743, 1068719, 1075368, 1122358, 1072086]"
2004,"[5568378, 999104, 1055425, 934399, 1040807]"
1684,"[1106523, 1090793, 9881593, 1123022, 1042544]"
1289,"[1055155, 1029743, 1106523, 5569230, 990797]"
1375,"[1082185, 899624, 1029743, 1104343, 1022254]"
394,"[1048068, 9677949, 986912, 1026118, 901062]"
712,"[1070820, 1056509, 872137, 902172, 1137775]"
1917,"[1106523, 1029743, 975085, 896085, 1019643]"
68,"[1029743, 1004906, 1068719, 916122, 1101010]"
1178,"[6464165, 1104343, 1004906, 6463710, 1044078]"
1947,"[1126899, 10149640, 933835, 1040807, 7462562]"
1548,"[1029743, 835098, 856252, 1042438, 866211]"
1495,"[969866, 1108131, 1038745, 986912, 1029743]"
121,"[1004906, 999270, 1029743, 989069, 1122358]"
1270,"[1082185, 1106523, 1026118, 1004906, 902172]"
1325,"[9419977, 1098844, 999104, 1029743, 1081177]"
1509,"[920091, 1042438, 1029743, 1016800, 926905]"
957,"[986912, 1032703, 1068719, 943522, 872137]"
1285,"[1106523, 5569230, 916122, 985999, 1128240]"
1817,"[1116635, 1020208, 1005274, 1004390, 925862]"
2034,"[1126899, 916122, 1004906, 1098248, 1130858]"
58,"[1127831, 1106523, 1070820, 979707, 1029743]"
1609,"[1070820, 1082185, 1029743, 1127831, 866211]"
1211,"[8065410, 12262978, 1000753, 1070820, 999858]"
915,"[880150, 1068719, 1029743, 1106523, 1128163]"
1385,"[1029743, 1022254, 1106523, 1122358, 5568378]"
263,"[1029743, 1044078, 940947, 910032, 844179]"
1792,"[1075368, 1106523, 976199, 906917, 1089766]"
946,"[1082185, 1106523, 965766, 1068719, 1050851]"
1379,"[1029743, 899624, 916122, 854852, 999714]"
2497,"[1082185, 1029743, 1135834, 899624, 871756]"
2312,"[916122, 1070820, 1082185, 6034857, 1022254]"
1528,"[1029743, 1075368, 983584, 844179, 1004906]"
2252,"[1082185, 1029743, 976199, 1094308, 1044078]"
876,"[916993, 1043787, 1068719, 916122, 1122358]"
2190,"[1106523, 883003, 1044078, 1040807, 993638]"
1932,[]
1584,"[1106523, 1029743, 1028891, 957736, 902172]"
1764,"[1126899, 1075368, 1060408, 5565925, 7139529]"
803,"[1106523, 1044078, 1104649, 969866, 1004906]"
641,"[1126899, 1070820, 1040807, 1068719, 999858]"
617,"[9546982, 1126899, 1070820, 854852, 8065410]"
421,"[1029743, 976199, 1126899, 1068719, 1070820]"
2386,"[976199, 983584, 850102, 1104343, 9187298]"
109,"[835098, 893018, 1046756, 1126899, 866211]"
871,"[866211, 1029743, 834117, 854852, 979707]"
1816,"[1070820, 1029743, 1056509, 1118264, 983584]"
1451,"[957951, 1082185, 1070820, 1022254, 1029743]"
1773,"[916122, 5569471, 1000237, 1062128, 951412]"
600,"[1046587, 1029743, 916122, 5569230, 1044078]"
287,"[1106523, 5568729, 969866, 848319, 872137]"
1650,"[944137, 854754, 1029743, 6034857, 909714]"
1598,"[1029743, 1044078, 1068719, 1056509, 916122]"
2335,"[1029743, 1106523, 12302069, 896085, 1075368]"
2083,"[1070820, 844179, 885290, 1004906, 990797]"
922,"[1126899, 1130581, 827332, 847207, 1058404]"
694,"[1037840, 1029743, 1006483, 1106523, 879734]"
252,[]
40,"[1055504, 916122, 6034857, 970160, 7409951]"
523,"[1029743, 898121, 884686, 9803601, 908514]"
1536,"[1029743, 1126899, 1075368, 899624, 6034857]"
1291,"[1106523, 1044078, 1132771, 854852, 993638]"
1248,"[1106523, 925862, 865511, 1040807, 902172]"
269,"[1139782, 1029743, 938596, 899624, 1106523]"
2297,"[1127758, 1029743, 1106523, 12731544, 916122]"
1740,"[1074333, 1112238, 1075368, 854754, 1056509]"
420,[]
1267,"[12171656, 957063, 1098844, 1029743, 880427]"
2244,"[1029743, 907631, 1106523, 1044078, 1068719]"
2031,[]
1431,"[1021324, 832678, 934399, 5569230, 999104]"
1058,"[986912, 933835, 993638, 893018, 1106523]"
2055,"[944139, 1009187, 1134810, 1004906, 1011926]"
1575,"[1070820, 1022254, 1029743, 916993, 901776]"
1343,[]
1192,"[1068719, 1029743, 915493, 986912, 933835]"
1916,"[885290, 1068719, 1106523, 965766, 1050851]"
36,"[1029743, 866211, 865705, 1047076, 1068719]"
1756,[]
2229,"[880427, 1019643, 824305, 1004906, 1029743]"
1508,"[1126899, 1029743, 1106523, 951412, 1070820]"
253,"[1106523, 1044078, 933835, 844179, 1022254]"
1995,"[1082185, 901062, 1029743, 854852, 1106523]"
1098,"[8205418, 5585510, 901062, 983584, 10341855]"
1864,"[1098844, 979707, 1022254, 909714, 1024306]"
1901,"[1082185, 1029743, 1106523, 1013928, 1022254]"
1476,"[978879, 9677366, 1115576, 907099, 823099]"
1197,"[1029743, 933835, 8090521, 1137775, 971922]"
2378,"[1029743, 1022254, 844179, 12301109, 916122]"
52,"[1127831, 1106523, 857503, 1098248, 1004906]"
381,"[1075368, 1029743, 933835, 1128016, 1061228]"
1919,"[1106523, 1098284, 1115175, 917772, 871756]"
1785,"[1126899, 1029743, 1106523, 933835, 976199]"
1347,"[849202, 982469, 1029743, 1106523, 984680]"
356,"[834117, 890610, 1075368, 948670, 1029743]"
1884,"[866211, 883932, 899624, 983267, 854852]"
2122,"[1006184, 899624, 1029743, 965766, 1106523]"
2347,"[8090521, 1022097, 5569230, 1029743, 1068719]"
1527,"[1029743, 1082185, 1070820, 1106523, 872137]"
2075,"[1029743, 982469, 1004906, 899624, 925862]"
1654,"[1071302, 1029743, 887102, 921438, 957951]"
378,"[916990, 1029743, 13213475, 1035676, 976199]"
1823,"[1070820, 1082185, 1098844, 916122, 899624]"
825,"[1082185, 979707, 913210, 976199, 971922]"
1506,"[1044078, 1029743, 844179, 12301100, 916122]"
123,"[1056509, 1126899, 844179, 1029743, 1070820]"
414,"[940947, 1029743, 1082212, 916122, 1044078]"
2481,"[1029743, 1132771, 1056509, 899624, 865456]"
19,"[1004906, 1029743, 1044078, 1106523, 844179]"
1556,"[1082185, 916122, 948670, 1044078, 844179]"
1590,"[1070820, 1029743, 1028891, 983584, 6391381]"
582,"[1021324, 5569230, 5568489, 866211, 8090509]"
1466,[]
1818,"[824180, 865456, 1129049, 5568378, 906917]"
976,"[1082185, 1029743, 866211, 1127831, 971922]"
164,"[1106523, 1029743, 983584, 965766, 970605]"
88,"[1075368, 8090521, 1029743, 893018, 1051211]"
740,"[1022254, 6034857, 1051516, 1024306, 916122]"
1206,"[7409618, 1106523, 1044078, 916122, 896862]"
2099,[]
750,"[1029743, 919534, 1106523, 1042438, 1110244]"
474,"[1029743, 1068719, 1106523, 1088683, 983584]"
2085,"[1029743, 983584, 1101010, 899624, 933835]"
59,"[1029743, 1056509, 957951, 1022254, 899624]"
2183,"[1082185, 1022254, 1098248, 901062, 1098844]"
2006,"[916993, 5569471, 1106523, 857503, 899624]"
2269,"[5568729, 12301109, 10149640, 899624, 916122]"
2441,"[1029743, 948670, 898121, 1004390, 995965]"
49,"[1070820, 1139782, 933835, 1027168, 1004906]"
2167,[]
1631,"[1029743, 983584, 1044078, 844179, 907631]"
1718,"[1070820, 1037840, 1029743, 1041796, 872137]"
848,"[1070820, 1044078, 1075368, 1009187, 882604]"
131,"[1029743, 893018, 1068719, 948670, 1044078]"
46,"[1127831, 1098844, 1029743, 899624, 866211]"
817,"[1082185, 1070820, 1092588, 1022254, 8090440]"
1261,"[1068291, 1055504, 986912, 866211, 983584]"
788,"[1029743, 899624, 1044078, 1068719, 983584]"
256,"[1111786, 1075368, 5568378, 948670, 1004906]"
1234,"[8090556, 916990, 976199, 1127716, 866211]"
2447,"[1127831, 1051211, 916990, 1013928, 863762]"
1844,"[916122, 1029743, 1037337, 897954, 1043787]"
1317,"[933835, 5568489, 5568378, 1029743, 7442008]"
260,"[1029743, 1081177, 971922, 899624, 1004906]"
580,"[1118946, 1056509, 1029743, 1038985, 1122358]"
1998,"[1106523, 1029743, 1068719, 965766, 5592931]"
714,"[12301109, 1082185, 1126899, 844179, 1044078]"
722,"[854852, 925854, 830526, 1126899, 916122]"
1218,"[1027168, 1070820, 976199, 1026118, 916122]"
2007,"[1106523, 1092303, 899624, 1004906, 1098844]"
218,"[894439, 1097001, 1022254, 1077133, 965772]"
2017,"[1126899, 1070820, 983584, 1068719, 901062]"
28,"[892531, 854900, 940947, 1035676, 6533368]"
1958,"[899624, 916122, 6034857, 1026118, 857503]"
2486,"[916122, 8090521, 1029743, 1106523, 1068719]"
1307,"[13654702, 5578547, 1119405, 1080853, 1081177]"
1748,"[1106523, 1082185, 844179, 5587656, 891505]"
934,"[1106523, 933835, 1068719, 1004906, 1029743]"
1619,"[970160, 854852, 916122, 841309, 1004906]"
493,"[1029743, 1068719, 951197, 919534, 916122]"
879,"[880427, 916122, 5577022, 844179, 12988031]"
1960,"[1044078, 839656, 844179, 831628, 944836]"
2056,"[1106523, 1043663, 948670, 1029743, 1068719]"
275,"[1106523, 1050851, 832678, 1068719, 999270]"
1542,"[1056509, 957232, 865456, 1082212, 12695224]"
1824,"[1106523, 983584, 1043787, 899624, 862010]"
373,[]
2421,"[1126899, 1040807, 1029743, 1070820, 909714]"
6,"[1082185, 1098844, 1029743, 1024306, 863447]"
1636,[]
658,"[1029743, 1106523, 1068719, 1122358, 5592931]"
305,"[8090532, 6463727, 885290, 1029743, 1133850]"
2019,"[1029743, 899624, 1037840, 844179, 999779]"
787,"[1079528, 999104, 1082212, 1029743, 957736]"
2368,[]
1768,"[12946027, 1029743, 899624, 999858, 1127758]"
1483,"[1070820, 844179, 1082185, 971922, 916122]"
516,"[844179, 899624, 866211, 854852, 1068719]"
1923,"[1098844, 866211, 1019643, 1128016, 5568729]"
503,"[1070820, 6034857, 854852, 8090536, 1127831]"
2233,"[1081177, 1098844, 971922, 1098248, 951412]"
867,"[5569230, 983584, 1106523, 986912, 1075368]"
1533,"[971474, 1029743, 1106523, 1070820, 965766]"
630,"[6464147, 1070820, 916122, 979707, 1056509]"
1316,"[1029743, 982790, 5568378, 1138631, 910032]"
1427,"[1029743, 1122358, 1075175, 1106523, 1012587]"
1021,"[1122358, 1029743, 954966, 7139529, 1016800]"
2188,"[1101010, 1106523, 933835, 819978, 913210]"
1858,"[1026118, 1126899, 940947, 854852, 1115175]"
1572,"[9835509, 1126899, 833724, 1005274, 1088683]"
862,"[5570408, 1068719, 1029743, 999270, 7462562]"
2375,"[899624, 1082185, 999104, 1106523, 989069]"
2091,[]
2387,"[885290, 832678, 940947, 1029743, 1106523]"
1062,"[1029743, 1106523, 1056509, 1042942, 1070820]"
1114,"[5569135, 1067494, 9803591, 1037840, 1075368]"
376,"[930666, 1044078, 965766, 844179, 999858]"
1969,"[1029743, 1106523, 1081177, 7462562, 1044078]"
317,"[983584, 1029743, 844179, 1135834, 12731714]"
1338,"[1029743, 1106523, 1044078, 1098284, 13210025]"
2025,"[1029743, 1051211, 902172, 1121384, 1106523]"
866,"[1082185, 1106523, 1044078, 844179, 983584]"
184,"[896085, 1075368, 848319, 1046756, 1108776]"
1225,"[1106523, 1081177, 1029743, 896862, 1036347]"
690,"[1037840, 922561, 1029743, 1031316, 1022254]"
842,"[1029743, 916122, 899624, 1068719, 999779]"
2405,"[6602697, 936914, 832678, 1029743, 1091383]"
2124,"[1126899, 1106523, 1062002, 916122, 6602697]"
1090,"[1022254, 1029743, 916122, 844179, 944836]"
1664,"[1029743, 1068719, 948670, 1044078, 916122]"
200,"[983584, 1106523, 5568378, 832678, 1001702]"
631,"[6464147, 1102845, 1022254, 979707, 1004906]"
1499,"[14106445, 1029743, 1106523, 944486, 960732]"
1353,"[1050851, 1106523, 940947, 883003, 844179]"
1588,"[6602697, 6034857, 901062, 983584, 979707]"
1705,"[1029743, 1106523, 6602697, 1044078, 1004906]"
222,"[866211, 916122, 999779, 5585510, 878996]"
1501,"[1116741, 1070820, 1082185, 1004906, 1098844]"
539,"[1068719, 1029743, 991223, 1006184, 872137]"
2245,"[6423786, 1022254, 1004906, 901062, 1044078]"
991,"[5585510, 9553193, 1004906, 1079395, 1081177]"
1831,"[1082185, 909268, 1098248, 857503, 1101706]"
2110,"[1082185, 1029743, 1106523, 854852, 6034857]"
705,"[1106523, 1029743, 1081177, 878996, 13654702]"
2291,"[12523928, 1029743, 962588, 9885520, 1068719]"
518,"[6391557, 1072523, 1075368, 1106523, 1031316]"
371,"[1029743, 844179, 6034857, 1022254, 880150]"
1381,"[914318, 1029743, 956672, 1092303, 1106523]"
718,"[1082185, 1029743, 916122, 844179, 5585510]"
1989,"[916122, 833724, 1134810, 7441419, 835098]"
761,"[976199, 1106523, 1029743, 1056509, 1068719]"
1011,"[916122, 1126899, 1070820, 951412, 985999]"
1722,"[12301109, 1126899, 1051516, 829852, 901062]"
1434,"[1075368, 908283, 979707, 1132771, 1068719]"
1922,"[1126899, 1070820, 1091901, 1112238, 1132771]"
510,"[852856, 833724, 901062, 1070820, 1127831]"
2492,"[993592, 1106523, 933835, 883003, 914577]"
1081,"[899624, 1106523, 908318, 880150, 1056509]"
929,"[1134810, 1070820, 946839, 1044078, 1004906]"
2310,"[1068719, 999779, 933067, 1029743, 965766]"
1927,"[1106523, 5981074, 9527159, 1029743, 1044078]"
1169,"[1106523, 1038663, 883003, 12946027, 910673]"
55,"[1097280, 883932, 1106091, 885290, 1106523]"
505,"[1029743, 7462562, 965766, 962991, 7441498]"
1187,"[8116306, 910673, 1106523, 1068719, 982469]"
1274,"[1070820, 8090537, 8090521, 5568378, 963835]"
735,"[1106523, 1082185, 1029743, 1043663, 982469]"
1229,"[1136719, 916122, 1070820, 979707, 1037332]"
251,"[1070820, 1040807, 1075368, 907631, 874972]"
1948,"[916993, 976199, 1029743, 6602590, 1062128]"
2488,"[916122, 834117, 906838, 919534, 5569374]"
201,"[6034857, 1029743, 1056509, 838186, 1138292]"
2108,"[1106523, 1029743, 6533936, 7147145, 896085]"
731,"[986912, 1106523, 933835, 1029743, 5568378]"
1808,"[1037840, 986912, 1106523, 976199, 883186]"
297,"[1029743, 1075368, 874972, 916122, 1038663]"
908,"[1070820, 1029743, 916122, 1022254, 1068719]"
526,"[1029743, 1044078, 5569230, 1062128, 896085]"
1018,"[1070820, 883068, 8090521, 1075368, 957232]"
615,"[971922, 883003, 1029743, 857503, 12731544]"
1924,"[1132956, 983584, 1029743, 940947, 1106523]"
2149,"[1114811, 9553193, 13003101, 1082185, 1106523]"
2498,"[1070820, 1126899, 1100379, 1106523, 1076580]"
2126,"[833724, 976199, 8090532, 948495, 1043787]"
748,"[1106523, 1044078, 1138292, 8090521, 969866]"
409,"[1098248, 1070820, 979707, 916122, 844179]"
1742,"[864335, 846823, 1106523, 1019637, 1029743]"
69,"[1138443, 1044078, 1106523, 933067, 1004906]"
1068,"[1025611, 916122, 1050851, 999779, 1029743]"
675,"[9836106, 12132315, 1022254, 910673, 1004906]"
2080,"[1122568, 8090521, 1106523, 965766, 919534]"
172,"[1029743, 823704, 832678, 906838, 969568]"
2324,"[10143784, 1029743, 1068719, 909714, 12301109]"
41,"[9419888, 12262830, 12810393, 1126899, 913210]"
1592,"[8177622, 1029743, 1106523, 6633273, 10344585]"
1829,"[1135044, 1098844, 914753, 6424472, 8203851]"
1461,"[1029743, 1082185, 965766, 1070702, 1122358]"
1563,"[1106271, 1082185, 957951, 1070820, 1029743]"
203,"[1012587, 823704, 5569471, 1082990, 1070820]"
2027,"[1029743, 13841744, 1041796, 872137, 1106523]"
1369,"[985889, 1131529, 1126899, 1009187, 824180]"
1161,"[8090537, 1070820, 976199, 1029743, 866211]"
2225,"[991874, 916122, 1126899, 8177622, 9483753]"
2206,"[1029743, 902172, 999104, 1106523, 1043971]"
2407,"[1082185, 1029743, 901062, 1089954, 899624]"
1800,"[983584, 1126899, 1004906, 933835, 1070820]"
1023,"[936830, 1062002, 963835, 878996, 872137]"
289,"[909714, 1006184, 864279, 1125497, 858439]"
1850,"[979707, 872137, 1022254, 1127831, 1062128]"
944,"[1132771, 1101010, 1127831, 1004906, 1082185]"
889,"[1070820, 1126899, 880427, 833724, 1019643]"
898,"[9187298, 1029743, 1022254, 848319, 5569471]"
1175,"[8066803, 962266, 1028891, 1075368, 914318]"
312,"[872137, 961620, 901776, 1068719, 904833]"
365,"[1082185, 1022254, 1132771, 1062128, 986912]"
2100,"[1082185, 1106523, 944534, 1044078, 1041796]"
795,[]
1102,"[1029743, 1022254, 866211, 965766, 1083787]"
1879,"[1101010, 1040807, 933835, 1132771, 885290]"
2224,"[7139529, 1070820, 1029743, 1038985, 999104]"
1521,[]
2328,"[1106523, 944836, 1127831, 872137, 866211]"
1845,"[1126899, 976199, 916122, 1098844, 1127831]"
2115,"[1070820, 933835, 944534, 965766, 1068719]"
398,"[1022097, 1029743, 1106523, 5981072, 1129049]"
513,"[1034176, 5569471, 1132771, 844179, 1018740]"
2451,"[1076580, 1126899, 872137, 1022254, 8177622]"
482,[]
1306,"[12301839, 1029743, 844179, 1068719, 1106523]"
786,"[5569230, 1106523, 1065538, 893018, 989069]"
1272,"[916122, 6602697, 872137, 856252, 944836]"
1975,"[883003, 976199, 1138443, 1087102, 5568729]"
941,"[9677236, 1128016, 1016709, 5567702, 5569327]"
2427,"[908318, 986912, 933835, 856252, 993638]"
2259,[]
1645,[]
1970,"[1072086, 7147145, 1013928, 1043920, 918046]"
1146,"[1029743, 1098844, 1022254, 846823, 1106523]"
1982,"[1082185, 901062, 854405, 839419, 1121384]"
1600,"[1136755, 1093413, 1029743, 1106523, 1122358]"
1807,"[1044078, 1126899, 1098844, 916122, 976199]"
214,"[1133101, 833724, 1019643, 999104, 901062]"
986,"[1116635, 8090440, 5572220, 1029743, 1051211]"
1595,"[971922, 976199, 1137775, 933835, 5568378]"
2266,"[12946027, 6602697, 866211, 916993, 1026118]"
1849,"[1029743, 1056509, 865456, 974156, 1089954]"
1191,"[890695, 999104, 5569230, 916122, 1022254]"
1612,"[1126899, 1070820, 971922, 916122, 5568729]"
328,"[9835509, 1070820, 885290, 979707, 933835]"
2082,"[1029743, 916122, 1135258, 1004906, 863447]"
349,"[1126899, 916122, 1029743, 824305, 844179]"
374,"[1029743, 1081177, 901062, 1026118, 1004906]"
1835,"[9420067, 1044259, 1085435, 1026258, 921406]"
1080,"[12384775, 899624, 1029743, 1106523, 1068719]"
1304,"[1106523, 1029743, 871611, 1075368, 916122]"
636,"[1106523, 1029743, 1082185, 1022254, 5590613]"
2062,"[1029743, 1022254, 832678, 1026118, 1106523]"
1256,"[962266, 1000542, 979707, 1022254, 976293]"
1981,"[1122358, 1126899, 1106523, 1029743, 1082212]"
56,"[9803545, 9655212, 940947, 832678, 979707]"
1138,"[15926886, 1015539, 1106523, 7442008, 941515]"
1158,"[1049735, 9836106, 8090521, 1029743, 1106523]"
2400,"[1082185, 1106523, 916122, 907631, 838186]"
864,"[8090513, 8090521, 1101010, 1029743, 899624]"
1223,"[930283, 1021324, 5569230, 891505, 829291]"
644,"[1019637, 999270, 8065410, 989069, 1098435]"
1428,"[1029743, 976199, 899624, 1068719, 913210]"
964,"[1106523, 1074754, 1029743, 1044188, 8090537]"
875,"[1106523, 1029743, 1126899, 899624, 1070820]"
983,"[1029743, 1122358, 933835, 913210, 834117]"
2478,"[965766, 933835, 979707, 1137775, 902172]"
989,"[1029743, 899624, 979707, 986912, 916122]"
1390,"[5569230, 12648296, 880150, 999858, 1029743]"
766,"[901062, 1026118, 1098844, 1127831, 916990]"
1936,"[1029743, 971922, 844179, 1138443, 1082185]"
1798,"[866211, 901062, 1093571, 916122, 1026118]"
1356,"[1102829, 1070820, 5569230, 1105917, 1046816]"
1732,"[1029743, 933835, 844179, 962266, 979707]"
1359,"[6463742, 1070820, 916122, 893018, 1129049]"
334,"[1082185, 1056509, 1029743, 1106523, 896085]"
953,"[877310, 1029743, 6034857, 893018, 976199]"
1514,"[1126899, 1006184, 995965, 906335, 854405]"
633,"[12988031, 1106523, 1075368, 1029743, 8090537]"
209,"[1132771, 1029743, 899624, 983584, 910032]"
127,"[6463752, 7441419, 1106523, 1044078, 1075368]"
221,"[6424460, 1130452, 1029743, 976199, 15926886]"
998,"[1082185, 899624, 1106523, 1044078, 8090521]"
2376,"[919534, 1029743, 1056509, 9296919, 5569374]"
230,"[1044078, 1029743, 913210, 1004906, 916122]"
412,"[986912, 1029743, 976199, 8065410, 1053754]"
1290,"[1081177, 1135258, 825749, 1029743, 896613]"
709,"[1075368, 1044078, 844179, 12810393, 899624]"
2217,"[1022254, 1004906, 1070820, 1055504, 916122]"
967,[]
2011,"[1029743, 1074333, 1082141, 1106523, 909268]"
468,"[1106523, 1082185, 1098284, 7139529, 1094308]"
911,"[10344585, 979707, 1126899, 901062, 1011926]"
1419,"[1106523, 1044078, 844179, 1019637, 843464]"
294,"[9245108, 1106523, 983584, 913210, 834117]"
1190,"[8090537, 1029743, 1037840, 1043920, 12810393]"
2343,"[1087102, 916122, 1029743, 1068719, 1106523]"
605,"[948670, 1106523, 890695, 13133916, 1133254]"
2168,"[8090521, 844179, 1044078, 1089954, 940947]"
2243,"[1008032, 848029, 1029743, 971922, 899624]"
2005,"[1068719, 1029743, 999104, 1106523, 986912]"
2418,"[9245108, 1072693, 1029743, 1106523, 1044078]"
2087,"[916993, 899624, 854852, 1029743, 1075368]"
1672,"[1029743, 916122, 1106523, 1096066, 844179]"
346,"[12731685, 1101010, 1029743, 835098, 986912]"
1346,"[866211, 1081177, 1029743, 5574377, 859427]"
1076,"[1089954, 999714, 1075368, 1034176, 1106523]"
2049,"[976199, 956672, 1029743, 1126899, 1106523]"
302,"[10344586, 1027168, 1029743, 1115175, 892531]"
462,"[1011926, 854852, 1029743, 1137775, 1105917]"
1296,"[935578, 1106523, 901062, 1029743, 916122]"
2064,"[1081177, 1006483, 1029743, 1075368, 1037332]"
307,"[1074040, 1065259, 1019637, 1029743, 993638]"
968,"[1075368, 1029743, 916122, 983584, 1044078]"
85,"[1075368, 1067695, 938596, 1139782, 849578]"
937,"[1126899, 1029743, 995965, 972445, 1134810]"
2453,"[1070820, 976199, 6391381, 1026118, 1098844]"
2114,"[986912, 933835, 885290, 1018740, 878996]"
726,"[880427, 999104, 998119, 960791, 1042438]"
2349,"[1070820, 1116741, 1082185, 12988031, 839605]"
2438,"[8090556, 919766, 892048, 938381, 1029743]"
1507,"[1043751, 13841744, 899624, 1068719, 1029743]"
2008,"[1126899, 936830, 834117, 914318, 913210]"
2455,"[1029743, 1137775, 1102416, 1106523, 5569471]"
720,"[1115069, 1056212, 1055504, 863447, 879734]"
1230,"[1106523, 1029743, 872137, 1068719, 832678]"
400,"[1029743, 1056509, 979707, 1028891, 1110218]"
1569,[]
2466,"[1029743, 936914, 1068719, 1006184, 984680]"
97,"[835618, 1075368, 976199, 1106523, 979707]"
1337,"[1029743, 983584, 5569230, 1068719, 914318]"
637,"[1037840, 926905, 1106523, 979707, 1114811]"
2416,"[1098844, 849697, 1139782, 1029743, 910473]"
2448,"[1106523, 1004906, 835098, 7441210, 5568378]"
2133,"[866548, 1075007, 866211, 1126899, 1019247]"
575,"[1106523, 6034857, 1000237, 963835, 1049735]"
2374,"[1070820, 872137, 976199, 933835, 901062]"
2207,"[916122, 965766, 1006184, 1022254, 972143]"
2203,"[1029743, 913210, 838186, 957951, 1018818]"
282,"[916122, 1029743, 1055155, 957736, 5569374]"
290,"[9835223, 1068719, 1029743, 1012587, 947798]"
1409,"[12810393, 1116050, 12731714, 1042438, 893018]"
1826,"[1029743, 916122, 929018, 1044078, 944534]"
2163,"[1016274, 9338009, 859987, 1029743, 1039360]"
1354,"[1126045, 893018, 866211, 12648296, 1102845]"
450,"[998206, 8015407, 933835, 863762, 1093413]"
520,"[1106523, 8090537, 835098, 1104343, 1082185]"
1351,"[819978, 866755, 1043751, 1029743, 1106523]"
1622,"[8205418, 1006342, 1062002, 1029743, 5585510]"
1106,"[1029743, 1106523, 976199, 863632, 12757316]"
1135,"[1106523, 1029743, 893018, 972235, 1070820]"
362,"[1128395, 12731714, 1126045, 986912, 928932]"
1293,"[1044078, 944534, 916122, 899624, 1004906]"
2431,"[835300, 1029743, 969866, 845208, 1004906]"
1710,"[1082185, 1126899, 872137, 1106523, 1029743]"
1940,"[1029743, 916122, 1094924, 1004906, 1063739]"
1939,"[896085, 1068719, 910032, 926905, 844179]"
979,"[1082185, 1029743, 899624, 888586, 962266]"
1608,[]
947,"[12731544, 1029743, 1106523, 1134483, 883003]"
1953,"[1050851, 916122, 986912, 993638, 14106445]"
110,"[899624, 1044078, 871756, 1022254, 1068719]"
893,"[1106523, 872137, 1100972, 925862, 1106116]"
1421,"[1043751, 1087102, 1029743, 8090521, 1044078]"
1440,"[1106523, 1029743, 844179, 1056509, 916122]"
1094,"[1029743, 983584, 933835, 899624, 1068719]"
674,"[1122358, 8273833, 1029743, 1068719, 1004906]"
157,"[949294, 962229, 838186, 847207, 1098844]"
2105,[]
1623,"[1106523, 1068719, 948832, 910673, 871756]"
2204,"[1044078, 1029743, 871756, 1004906, 865026]"
2439,"[1029743, 1070820, 1122358, 976199, 1106523]"
1314,"[1029743, 1102416, 976199, 1015280, 1075368]"
1778,"[1029743, 1004906, 1022254, 844179, 1068719]"
1012,"[986912, 1070820, 8090440, 998206, 901062]"
224,"[1106523, 1056509, 1029743, 916122, 5569230]"
2156,"[1029743, 1122358, 913210, 907631, 8090537]"
951,"[1029743, 940947, 1106523, 910032, 1068719]"
92,"[12946027, 845208, 871061, 916122, 1127758]"
826,"[1037840, 961620, 1030093, 934399, 1029743]"
2449,"[1126899, 979707, 872137, 1106523, 1029743]"
1543,"[1124029, 1029743, 1043494, 1096573, 832678]"
1663,"[1029743, 1070820, 1106523, 1096261, 5568249]"
1352,"[10149640, 6602697, 1116050, 976199, 915493]"
2458,"[1127831, 901062, 1029743, 899624, 1004390]"
1490,"[12262830, 916122, 1068292, 12648296, 957736]"
743,"[1106523, 1070820, 999779, 897954, 1051323]"
2262,"[6773232, 1019247, 1122358, 1029743, 965766]"
521,"[8090440, 1056212, 1035207, 823862, 1029743]"
2296,"[1029743, 933835, 913210, 1004906, 1068719]"
367,"[1070820, 833724, 933835, 1068719, 1098248]"
567,"[1044078, 986912, 844179, 1106523, 993638]"
1943,"[1029743, 983584, 1106523, 7152455, 983659]"
906,"[1082185, 860703, 1137507, 1029743, 911974]"
1008,"[1029743, 910473, 1106523, 10341234, 1072968]"
1492,"[901062, 1106523, 1029743, 1004906, 1098248]"
1843,"[1029743, 849202, 1106523, 954966, 853927]"
99,"[1029743, 6034857, 916993, 1098248, 5590613]"
1988,"[1106523, 8090537, 5565392, 874972, 1045586]"
2170,"[1013928, 1029743, 1037840, 1030093, 8090537]"
1754,"[5585510, 1029743, 999858, 1044078, 844179]"
755,"[7025202, 1089954, 1137775, 971922, 8090440]"
653,"[1037840, 1004906, 1132771, 1056509, 844179]"
1019,"[916122, 1026118, 1106523, 1044078, 1029743]"
577,"[1056509, 868548, 1070820, 999104, 933835]"
1545,"[1106523, 1082212, 8090521, 844179, 858439]"
2109,"[1078100, 893018, 8065410, 999270, 1029743]"
2271,[]
114,"[5568489, 948670, 1029743, 1133254, 875392]"
1971,"[1029743, 1082212, 1070820, 899624, 998119]"
1911,"[1044078, 1029743, 844179, 916122, 1070820]"
913,"[994223, 834117, 1070820, 1029743, 1134810]"
914,"[986912, 1106523, 898121, 979707, 1035207]"
1987,"[965766, 1068719, 872137, 976199, 933835]"
22,"[1082185, 1070820, 883003, 1104349, 944836]"
78,"[1082185, 835098, 6773232, 1029743, 6391080]"
2142,"[1029743, 913210, 5568729, 846417, 6632283]"
2137,"[968072, 1022254, 961979, 993638, 945909]"
542,"[1106523, 1050851, 1075368, 916122, 1068719]"
692,"[9836526, 1092669, 1135834, 1098284, 1004436]"
1876,[]
562,"[852856, 957951, 832678, 1115069, 1029743]"
57,"[986912, 1029743, 1105917, 965766, 1037863]"
752,"[986912, 933835, 1075368, 1062128, 835098]"
1774,"[8090537, 902172, 990797, 951197, 8090521]"
2094,"[1082185, 1070820, 1068719, 1022254, 916993]"
806,"[1082185, 1029743, 1082212, 1056212, 948832]"
2342,"[12262830, 1029743, 901062, 1016800, 1047076]"
673,"[1068719, 906838, 1100972, 1029743, 868909]"
1686,"[1017325, 986912, 953539, 1106523, 1029743]"
789,"[9575315, 922561, 976199, 883003, 1029743]"
2336,"[1029743, 1106523, 1004906, 5568378, 844179]"
1685,"[1029743, 1005274, 5569471, 1106523, 1137346]"
533,"[899624, 999779, 1106523, 5585510, 1029743]"
1121,"[1070820, 1029743, 1092937, 979707, 983267]"
936,"[1029743, 983584, 1106523, 1068719, 899624]"
1577,"[1029743, 8273950, 899624, 916122, 866211]"
2366,"[948670, 1004906, 1044078, 913210, 844179]"
632,"[1029743, 1082185, 916122, 1070820, 849202]"
458,"[5569471, 5569230, 1106523, 1126899, 916993]"
2446,"[1044259, 941368, 963868, 1126899, 1029743]"
193,"[8090537, 983584, 1029743, 944139, 6704207]"
1450,"[979707, 845208, 899624, 1127758, 6602440]"
2389,"[1029743, 1022254, 12946027, 1044078, 1004906]"
1709,"[1029743, 7166861, 1106523, 957232, 868548]"
1471,"[913210, 1029743, 1126899, 852856, 5569230]"
80,"[1082185, 910673, 1055504, 1029743, 1044078]"
1760,"[1029743, 1082185, 983584, 906838, 862535]"
1481,"[1055425, 834158, 1068719, 885290, 1029743]"
361,"[1044078, 844179, 1101010, 1106523, 1082212]"
813,"[883932, 1050851, 6534030, 834117, 845208]"
1082,"[1029743, 1106523, 1044078, 844179, 937330]"
31,"[1040807, 1126899, 1062128, 854852, 1070820]"
2226,"[1126899, 1056509, 1106523, 896085, 1110409]"
961,"[986912, 1070820, 1082185, 956672, 1029743]"
479,"[1106523, 1068719, 965766, 893018, 1044078]"
960,"[6979437, 886395, 1070820, 1126899, 964520]"
2337,"[1067695, 1082185, 1106523, 899624, 910032]"
1336,"[916122, 1044078, 1082185, 844179, 883003]"
1797,"[940947, 1022254, 1112825, 1031087, 996009]"
1591,"[1070820, 916993, 896085, 6034857, 854852]"
2470,"[6391381, 961021, 1019643, 899624, 1029743]"
654,"[1040807, 933835, 864893, 1124695, 8276172]"
1154,"[1089025, 1106523, 7152455, 983584, 893018]"
2029,"[9523059, 1091926, 1072523, 965766, 916122]"
1266,"[1022254, 916122, 1029743, 6602697, 899624]"
647,"[1029743, 1043751, 933835, 8090537, 1044078]"
1513,"[916122, 1029743, 7462562, 1000753, 1044078]"
799,"[5565447, 1126899, 1029743, 901062, 1106523]"
985,"[1029743, 1040807, 899624, 880150, 951197]"
158,"[997423, 12731714, 1128240, 1106523, 1029743]"
2465,"[986912, 10344585, 856252, 843464, 882604]"
730,"[1126899, 1122358, 1029743, 971983, 960732]"
240,[]
824,"[1106523, 1029743, 1068719, 963971, 1038745]"
2131,"[1022254, 965766, 832678, 847207, 1068292]"
459,"[863762, 901062, 885290, 1029743, 13007846]"
996,"[1101010, 1040807, 819978, 15831255, 1009187]"
1271,"[1105488, 1029743, 1068719, 835098, 976199]"
2300,"[10344585, 12301100, 1029743, 999104, 885290]"
2281,"[1126899, 6534077, 5569230, 824305, 951164]"
883,"[1082185, 1022254, 1005274, 872137, 857503]"
1723,"[6979393, 922561, 870559, 1040807, 1018740]"
2212,[]
266,"[13133916, 1126899, 824305, 999104, 1104349]"
1057,"[1117219, 892531, 916990, 12171656, 1079528]"
846,"[829291, 1004906, 1106523, 1029743, 866211]"
1788,"[909714, 6391381, 854852, 934399, 970160]"
1130,"[1044078, 899624, 1137775, 1106523, 1093413]"
153,"[916122, 1006063, 934639, 1029743, 853998]"
1364,"[999250, 1070820, 1029743, 986912, 1056509]"
719,"[933835, 1040807, 819978, 895930, 1029743]"
1117,"[1081177, 1106523, 1068719, 1029743, 854852]"
2257,"[1104349, 1106523, 1106116, 1116376, 1068719]"
1599,"[1004906, 1068719, 1127758, 1025611, 1044078]"
2123,"[832678, 5569230, 824180, 838186, 899624]"
122,"[1086119, 940947, 1116635, 6464147, 5569230]"
84,"[829722, 1029743, 5569374, 885290, 903529]"
306,"[1044078, 844179, 1029743, 899624, 1056509]"
2129,"[1029743, 1050851, 844179, 1081177, 1004906]"
1224,"[999779, 899624, 1068719, 986912, 1004906]"
1120,"[1029743, 1122358, 916122, 1082212, 896613]"
1872,"[1102416, 999104, 1055504, 1108094, 860248]"
351,"[861279, 1082185, 899624, 1106523, 1022254]"
1955,"[1082185, 1106523, 1050851, 916122, 1063739]"
895,"[7024847, 999104, 866211, 868888, 1112238]"
1473,"[1098844, 1126899, 866211, 1093571, 5568729]"
773,"[909714, 835973, 1029743, 6548453, 849202]"
235,"[1070820, 983584, 976199, 986912, 1127831]"
63,"[1062572, 872342, 834117, 925862, 1029743]"
441,"[933835, 1038985, 1124971, 858439, 6533681]"
1246,"[1126899, 1040807, 824305, 983584, 866211]"
1245,"[1022254, 863447, 969866, 896613, 1037863]"
2,"[916122, 1106523, 1075368, 940947, 957232]"
2393,"[6391089, 1085435, 944836, 6391381, 1022254]"
156,"[1075368, 1043751, 1029743, 1106523, 911311]"
1920,"[1137688, 833724, 1070820, 1019643, 1062128]"
2186,"[1106523, 899624, 1075368, 8090521, 944534]"
798,"[13841744, 1029743, 1106523, 6534030, 1048068]"
1630,"[1106523, 1135834, 944534, 1098284, 865026]"
1752,"[1106523, 1044078, 1082185, 1068719, 907631]"
1703,"[5590695, 1106523, 965766, 871756, 1067695]"
467,"[1106523, 1068719, 1026118, 1004906, 1037863]"
578,"[865705, 1006483, 1029743, 854405, 942166]"
1050,"[13877192, 1106523, 899624, 1004906, 1044078]"
195,"[1062128, 7167836, 1062002, 1029743, 1022254]"
757,"[5569471, 852856, 825365, 838186, 1126045]"
1857,"[1031316, 1029743, 926905, 1009368, 983584]"
1452,"[1013928, 1029743, 1106523, 885290, 890695]"
2016,[]
1900,"[1132771, 1070820, 1068719, 872137, 1087102]"
2039,[]
115,"[983584, 1106523, 910032, 832678, 1027168]"
935,[]
2377,"[1029743, 1004906, 901062, 1055168, 883003]"
1078,"[1026118, 878996, 1126899, 1106523, 1082185]"
869,"[834962, 1029743, 1081262, 5592931, 1106523]"
142,"[1082212, 990797, 1013826, 1029743, 1131438]"
1607,"[7025202, 852856, 986912, 13776705, 5981072]"
2077,"[1106523, 1029743, 971922, 872137, 976199]"
1812,"[1029743, 1106523, 12731544, 1037863, 916122]"
807,"[965530, 6034857, 1029743, 838186, 858999]"
1880,"[1029743, 1037840, 1106523, 1075368, 8065410]"
554,"[1106523, 1029743, 982469, 850102, 824180]"
1480,"[1029743, 1068719, 965766, 1056509, 976199]"
2361,"[12811532, 1126899, 902172, 916122, 1053329]"
852,"[1126899, 1106523, 1070820, 848319, 1005274]"
199,"[1082212, 824305, 1115576, 1029743, 933835]"
24,"[9835619, 986912, 870547, 1106523, 1029743]"
1999,"[986912, 871756, 883932, 957232, 1016298]"
369,"[1038745, 1044078, 983584, 844179, 1068292]"
1793,[]
652,"[1121059, 832678, 890610, 1029743, 1051211]"
1399,"[1093571, 1112238, 1004001, 1062002, 6034857]"
2046,"[1037840, 1028953, 1075368, 993638, 986912]"
1014,"[1068719, 976199, 1029743, 948670, 899624]"
1731,"[1126899, 1068719, 1106523, 983584, 1109778]"
1395,"[1126899, 983584, 940947, 1029743, 1106523]"
1186,"[1126899, 1098844, 1022254, 5578547, 1070820]"
2047,"[979707, 1106523, 1126899, 8090537, 1131438]"
2010,"[1029743, 948832, 866540, 857130, 987044]"
556,[]
226,"[933067, 1029743, 1106523, 832678, 1042544]"
1549,"[986912, 1106523, 1122358, 8203851, 1029743]"
1413,"[916122, 1044078, 1050851, 1068719, 965766]"
887,"[957232, 950894, 1029743, 916122, 880150]"
973,"[944836, 1085435, 921406, 1071446, 878996]"
1633,"[1029743, 916122, 1101010, 1040807, 1093413]"
1692,"[1029743, 1044078, 1106523, 844179, 1001702]"
2345,"[1029743, 983584, 893018, 1137346, 1133254]"
103,"[1106523, 1029743, 983584, 1105488, 1070820]"
2036,"[1126899, 885290, 1029743, 1024306, 878996]"
329,"[854852, 944836, 1127831, 1029743, 901062]"
236,"[1126899, 1014948, 906838, 827999, 849202]"
868,"[9884484, 834117, 856942, 1022097, 8090521]"
776,"[1029743, 1082185, 999270, 899624, 1068292]"
1873,"[12810393, 1106523, 1044078, 1101010, 1004906]"
332,"[1070820, 1029743, 976199, 952972, 1105917]"
202,"[1029743, 1106523, 962229, 1070820, 1067494]"
2290,"[827656, 1037840, 1029743, 1106523, 865456]"
2392,"[1068719, 916122, 1029743, 956486, 965766]"
2425,"[1042616, 1029743, 1070820, 858439, 1028891]"
1332,"[1062128, 13071902, 1112205, 991223, 933067]"
931,"[1126899, 1029743, 7462562, 1042544, 5568378]"
1517,"[1070820, 1082185, 983584, 919534, 907631]"
1210,"[1070820, 1029743, 1106523, 1051516, 857503]"
685,"[1097398, 1050851, 916122, 1038985, 1015539]"
1300,"[1106523, 1070820, 976199, 1055504, 1022254]"
1726,"[6391381, 6034857, 872137, 866211, 1071446]"
816,"[13213475, 1075368, 1068719, 1029743, 901062]"
2141,"[5569327, 1070820, 933835, 971922, 983584]"
959,"[1029272, 10455984, 1029743, 1022254, 1047076]"
2068,"[1070820, 1004906, 916122, 1004390, 844179]"
1716,"[5568729, 1013928, 1062128, 12302069, 832678]"
1255,"[1029743, 1056509, 1021715, 894439, 7152455]"
796,"[969866, 1029743, 1022254, 896613, 901062]"
650,"[1029743, 957951, 1106523, 872137, 1126899]"
1043,[]
1814,"[1028891, 1037840, 1029743, 865705, 1070272]"
75,"[872137, 957951, 965766, 1029743, 1106523]"
2200,"[916122, 844179, 1044078, 1106523, 919534]"
65,"[965766, 1070820, 986912, 1029743, 1106523]"
387,"[1126899, 916122, 1009719, 8090536, 933835]"
1374,"[944534, 1004906, 1068292, 880150, 896613]"
10,[]
2095,"[1068719, 883003, 933835, 1106523, 983659]"
25,"[5568378, 12949590, 1029743, 1106523, 913210]"
764,"[1029743, 965766, 904236, 9420067, 1106523]"
1133,"[1029743, 1055504, 1098844, 916122, 878996]"
469,"[1070820, 1098248, 901062, 1127831, 951412]"
1269,"[1082185, 899624, 1040807, 1031316, 940947]"
1443,"[906844, 942077, 1111080, 6534030, 1029743]"
2381,"[916122, 944534, 844179, 1106523, 890695]"
583,"[1037840, 1029743, 1021324, 1013928, 957232]"
745,"[854852, 854754, 6034857, 901062, 1026118]"
380,"[1106523, 965766, 854852, 1082185, 1004906]"
574,"[1029743, 933835, 1050851, 891505, 1044078]"
829,"[1101010, 1132771, 1029743, 1137775, 1018740]"
790,"[1043494, 9297055, 5565392, 1029743, 9297310]"
2395,"[1044078, 949294, 993638, 1029743, 844179]"
1950,"[1081177, 1029743, 1106523, 921504, 899624]"
2182,"[1029743, 1004906, 1106523, 885863, 946839]"
405,"[1101010, 1087102, 948670, 916122, 933835]"
2289,"[10344585, 984680, 1029743, 1004906, 819978]"
1430,"[1126899, 1029743, 885290, 1132771, 1137775]"
2424,"[916993, 6034857, 1029743, 940947, 834117]"
2372,"[1004906, 1038985, 982469, 8090532, 1029743]"
527,"[12987976, 12988031, 1051211, 1011926, 1094924]"
1677,"[965766, 885290, 1029743, 899624, 872137]"
881,[]
174,[]
1546,"[5570595, 965766, 1029743, 13841744, 1132771]"
205,"[5569230, 1082185, 1026118, 1106523, 910032]"
859,"[1075368, 832678, 13841744, 5569230, 5569471]"
1423,"[5981267, 1082185, 1022254, 13008334, 1056509]"
1045,"[1029743, 913210, 971922, 834117, 933835]"
1540,"[1106523, 933835, 1094308, 7442008, 5568378]"
1525,"[12301839, 1029743, 1068719, 1106523, 899624]"
1567,"[934639, 1082185, 1084036, 1029743, 1026118]"
1701,[]
667,"[1029743, 1004906, 1022254, 12946027, 1106523]"
2298,"[12301100, 910032, 871756, 916122, 1044078]"
1249,"[916122, 925862, 1029743, 832678, 1106523]"
1576,"[1029743, 1106523, 976199, 1068719, 916122]"
98,"[1091858, 1029743, 1106523, 6602697, 1128240]"
2270,"[1050851, 1044078, 1068719, 1004906, 933835]"
655,"[1068719, 1029743, 916122, 1044078, 872137]"
1077,"[883932, 1029743, 891632, 893018, 12731714]"
1176,[]
1238,"[916122, 1029743, 976199, 897954, 1098435]"
322,"[1070820, 1040807, 901062, 819978, 976199]"
1470,"[1029743, 1063739, 1106523, 986912, 1070820]"
1906,"[12810422, 1004906, 1070702, 1034176, 844179]"
417,"[1082185, 1029743, 976199, 1055504, 866211]"
1303,"[1029743, 976199, 8090521, 1067749, 866211]"
1815,"[1029743, 1004906, 899624, 907631, 883003]"
1284,"[15926886, 6463729, 1004906, 1029743, 899624]"
878,"[1106523, 838186, 947798, 1131344, 846823]"
1282,"[1106523, 1044078, 899624, 944534, 5585510]"
449,"[965766, 1029743, 1106523, 1009719, 8177622]"
2293,"[1082185, 1070820, 1038985, 1029743, 834117]"
587,"[1029743, 965766, 976199, 1068719, 983584]"
952,"[1075368, 1037840, 1029743, 998119, 843464]"
1283,"[1004906, 1029743, 995965, 995311, 988697]"
1247,"[1138631, 1082454, 1029743, 1126899, 899624]"
1335,"[835973, 1029743, 1098248, 824305, 866871]"
1945,"[1011920, 1029743, 1115175, 1006878, 832678]"
347,[]
897,"[1079528, 5569374, 928263, 1070820, 1106523]"
2020,"[1132771, 933835, 6602697, 1029743, 1004906]"
1847,"[830503, 1070820, 871756, 1024319, 1029743]"
1848,"[1135834, 894439, 986912, 892573, 1043787]"
1464,"[1100972, 916122, 8203851, 983584, 1029743]"
540,"[12384779, 12132685, 6391381, 1000237, 916122]"
1836,"[1126899, 6034857, 1046816, 862010, 880427]"
1088,"[1045478, 1077600, 1068719, 1051211, 832678]"
2158,"[1029743, 1106523, 868888, 951412, 1043787]"
434,"[934639, 1044078, 1068292, 999270, 940947]"
14,"[1127758, 1029743, 893018, 832678, 1009187]"
831,"[916122, 1069003, 890695, 957736, 999714]"
2314,"[1126899, 979707, 916993, 1048257, 985999]"
660,"[1126899, 872137, 1043787, 12988031, 862010]"
1027,"[1132771, 1126899, 1029743, 899624, 922561]"
1241,[]
413,"[970160, 986912, 1082185, 1106523, 1098844]"
2059,[]
2193,"[1070820, 979707, 8090537, 1055504, 1006184]"
1642,"[916122, 854852, 1106523, 1026118, 1029743]"
1185,"[1106523, 1029743, 848319, 899624, 871756]"
1914,"[9802981, 894439, 1043787, 892573, 862010]"
1559,"[1075368, 940947, 908318, 904236, 1026118]"
700,"[1044078, 874972, 835300, 1068292, 12262778]"
271,"[986912, 1137775, 819978, 1018740, 1040807]"
2012,"[1106523, 916122, 1029743, 868645, 844179]"
2196,"[999104, 1106523, 916122, 1029743, 901062]"
2261,"[1122358, 1106523, 983584, 916122, 1044078]"
2494,"[1029743, 1070820, 1033046, 1004906, 956672]"
808,"[1100972, 1029743, 986912, 1016800, 1068719]"
491,"[1126899, 1055504, 6533936, 1006184, 1041796]"
1387,"[9297062, 5568732, 944534, 878996, 999104]"
395,"[906844, 1029743, 1106523, 5569230, 957951]"
136,"[8090537, 1106523, 8090521, 5569230, 1004390]"
2440,"[1106523, 1092937, 999714, 965766, 1044078]"
141,[]
2213,"[830526, 995965, 1070820, 1125497, 1126899]"
2302,"[1029743, 1106523, 916122, 1004906, 1056509]"
2344,"[1056509, 1022254, 1132771, 5569230, 899624]"
648,"[839419, 1081177, 1029743, 1125497, 1037332]"
185,"[896862, 1029743, 933067, 1068719, 823704]"
1097,"[8090440, 838186, 1106523, 982469, 1026118]"
94,"[1029743, 1106523, 1065979, 8090532, 976199]"
586,"[1029743, 865456, 1042438, 906335, 1068719]"
1134,"[1070820, 1106523, 979707, 948670, 1042571]"
487,"[965766, 1068719, 976199, 1056509, 983584]"
543,"[820486, 1029743, 879734, 1106523, 944534]"
733,"[5569471, 885697, 5566472, 866211, 1042942]"
188,"[1106523, 1056509, 983584, 965766, 832678]"
1007,"[1029743, 944486, 899624, 983584, 822259]"
82,"[847573, 1084036, 849202, 880150, 916122]"
1737,"[916122, 901062, 1029743, 965766, 1106523]"
51,"[965766, 1082212, 1029743, 902172, 880427]"
2038,"[1029743, 1068719, 1106523, 852856, 7024927]"
2221,"[1120261, 1126899, 6533368, 824796, 824305]"
1758,"[1126899, 899624, 1132771, 896085, 819978]"
2111,"[1029743, 1106523, 1051323, 1070820, 944836]"
1990,"[13007846, 1029743, 1126899, 856942, 1037332]"
192,"[13877192, 5569230, 1029743, 1082212, 1056509]"
1520,"[1029743, 5577022, 825365, 899624, 849202]"
1968,"[1106523, 1122358, 1082212, 916122, 1029743]"
2331,"[1029743, 844179, 890695, 999858, 1103105]"
1494,"[1068719, 1082185, 1044078, 899624, 1029743]"
364,[]
1925,"[1106523, 1081177, 901062, 1029743, 6034857]"
857,"[10149640, 5569230, 868548, 922561, 885290]"
273,"[6534480, 1106523, 856818, 1137346, 990869]"
1511,"[1106523, 983584, 1070820, 907631, 1135834]"
2139,"[933835, 1029743, 1040807, 885290, 1135834]"
384,"[1126899, 854405, 944139, 972445, 1055504]"
1665,"[1037631, 1029743, 1083787, 6602697, 832678]"
198,"[1029743, 899624, 1106523, 844179, 1075368]"
624,"[12302069, 1106523, 844179, 1044078, 899624]"
1217,"[1075368, 916122, 1029743, 1004906, 944139]"
1312,"[983584, 1122358, 1029743, 1045586, 911974]"
276,"[825317, 944534, 999779, 12810391, 1029743]"
1611,"[8181555, 1037840, 906838, 910473, 1029743]"
1865,"[1070820, 833724, 986912, 5569230, 935578]"
438,"[9881593, 10149640, 1070820, 6034857, 951197]"
2134,"[1082185, 916122, 844179, 899624, 1098844]"
1093,"[1082185, 1029743, 899624, 1004906, 983584]"
1753,"[1106523, 1068719, 912704, 986912, 836924]"
1537,"[1029743, 1106523, 1042544, 1043494, 1027168]"
210,"[999779, 1106523, 1051323, 944534, 1004906]"
128,"[12263857, 1098248, 1029743, 1026118, 901062]"
1539,"[1037840, 1075368, 852856, 986912, 1068719]"
190,"[1134483, 1012587, 825365, 8291322, 1029743]"
283,"[1070820, 940947, 990797, 5569471, 7409644]"
971,"[1061982, 1075368, 866211, 1106523, 906844]"
259,"[1087605, 1062128, 6391381, 8090537, 832768]"
354,"[916122, 1050851, 910032, 1041796, 849202]"
77,"[1106523, 1126899, 916122, 1055425, 901062]"
1954,"[1026118, 1084036, 1029743, 1038745, 899624]"
926,"[1101706, 1138443, 916993, 971922, 1000237]"
15,"[1070820, 1029743, 1026118, 1081177, 1082212]"
2273,"[880427, 1082185, 925862, 1029743, 1009187]"
1776,"[1026118, 1081177, 979707, 854852, 878996]"
9,"[12171886, 1029743, 1070820, 1056509, 1106523]"
2292,"[1029743, 1106523, 1090793, 998119, 1014948]"
1001,"[12301109, 1135834, 1051211, 890695, 997987]"
62,"[965766, 1068719, 976199, 1056509, 916122]"
2256,"[1029743, 8090532, 1133312, 888543, 10198378]"
2120,"[1068719, 965766, 1056509, 976199, 872137]"
727,"[5568729, 1099089, 1106523, 1025611, 951197]"
1979,"[1029743, 1106523, 1004906, 1070820, 878996]"
1949,"[1044078, 1029743, 944534, 1106523, 13841744]"
327,[]
1568,"[6424472, 899624, 1126045, 999270, 1051323]"
1333,"[1126899, 13841744, 1128016, 6034857, 1115175]"
2231,"[1126899, 979707, 1082212, 1111129, 901062]"
1260,"[1098248, 999104, 1127831, 866211, 1022254]"
2325,[]
1207,"[1029743, 1106523, 1075368, 1037840, 874972]"
392,"[916122, 951412, 1022254, 940947, 963835]"
1264,"[1029743, 1083787, 5592610, 1136341, 913210]"
924,"[1029743, 8090537, 1051211, 849202, 947201]"
1227,"[1029743, 1106523, 965766, 1068719, 899624]"
2135,"[6534074, 986912, 922561, 933835, 6391381]"
343,"[5568378, 1092588, 1029743, 7139529, 1106523]"
1160,"[12301100, 1106523, 1044078, 844179, 871756]"
1167,"[5572738, 1082185, 1070820, 1062002, 1098844]"
281,"[1137573, 1070820, 854852, 1029743, 999104]"
2071,"[933835, 1004906, 899624, 1068719, 885863]"
2040,"[1029743, 1106523, 1051211, 1021225, 1086119]"
943,"[5592931, 1106523, 1035207, 10198378, 5569230]"
1976,"[1106523, 849202, 986912, 1082990, 910473]"
955,"[1106523, 1029743, 1050851, 990797, 844179]"
1000,"[986912, 6034857, 1029743, 1056509, 976199]"
1926,"[12262830, 916122, 1029743, 976199, 1068719]"
1085,"[1029743, 1056509, 1106523, 908318, 866211]"
1041,"[1106523, 899624, 1044078, 1029743, 1068719]"
1634,"[5569327, 1044078, 1070820, 907631, 1029743]"
427,"[1082185, 1029743, 916122, 948670, 1075368]"
2234,"[999104, 8065410, 854754, 1098844, 880150]"
1965,"[9881592, 9884484, 1106523, 983584, 1122358]"
2339,[]
568,"[1106523, 1083787, 1122358, 1025611, 1042544]"
1329,"[9526628, 986912, 993638, 866211, 1098248]"
1805,"[1075368, 1006483, 948670, 852856, 970760]"
1541,"[1029743, 940947, 844179, 1098248, 5568729]"
324,"[1098844, 1070820, 901062, 824305, 13007846]"
1596,"[1046816, 1040807, 951197, 1042571, 1033046]"
741,"[916122, 899624, 885290, 845208, 925862]"
2370,"[1070820, 916122, 993638, 933835, 844179]"
1657,"[1106523, 1029743, 1068719, 957063, 879506]"
1585,"[1126899, 5569471, 1055504, 14106445, 925694]"
1962,"[976199, 1056509, 833724, 1004906, 1068719]"
1928,"[983584, 1070820, 1029743, 1106523, 849870]"
390,"[5569230, 888543, 993638, 1040807, 1072693]"
2308,[]
2299,"[6602697, 999104, 901062, 834491, 897954]"
1226,"[1070820, 1004906, 933835, 890695, 1081177]"
1426,"[8090537, 983584, 916122, 1029743, 919534]"
1384,"[1004906, 880150, 1044078, 1029743, 12301100]"
1127,"[1102416, 1043787, 5569471, 5569230, 907631]"
2121,"[1006483, 976199, 866211, 872137, 1081177]"
1129,"[1037332, 1094924, 858439, 1004906, 1128016]"
2456,"[951412, 1126899, 1029743, 866211, 5587656]"
2030,"[1043751, 1029743, 1087102, 901062, 1137775]"
342,"[1029743, 1037965, 899624, 976199, 832678]"
183,"[8090440, 993638, 961979, 1125278, 986912]"
767,"[1042571, 1029743, 8090440, 983584, 1042907]"
1139,"[833724, 1028891, 872137, 942077, 856942]"
2279,"[849697, 1106523, 1029743, 1009368, 1028891]"
258,"[1029743, 1070820, 824796, 1041796, 1048257]"
26,"[1022254, 1029743, 1068719, 907631, 896085]"
291,"[983584, 1106523, 5568378, 1042438, 1004906]"
2175,[]
1912,"[1029743, 1106523, 12302069, 865026, 12301405]"
687,"[1137344, 916122, 1029743, 1106523, 8090521]"
2176,[]
1493,"[1097001, 1029743, 1106523, 999714, 8090521]"
2214,"[1082212, 1104343, 919534, 1029743, 8090532]"
854,"[1029743, 1106523, 7442008, 5568378, 945998]"
552,"[899624, 1106523, 916122, 999779, 1038663]"
622,"[986912, 1106523, 965766, 999104, 1068719]"
919,"[983584, 1106523, 1029743, 1094308, 6391532]"
43,"[1106523, 1029743, 1042942, 856060, 976199]"
974,[]
1801,"[1013928, 1128163, 1116635, 948953, 887474]"
1109,"[1115576, 1109014, 899624, 1046816, 854852]"
1680,"[1126899, 1048507, 1128016, 1104343, 5568378]"
2033,"[1068719, 1029743, 1024306, 9242918, 1127758]"
160,"[1070820, 933835, 1135834, 1029743, 986912]"
2280,"[1070820, 5569230, 1082990, 883003, 1137775]"
1071,"[1106523, 1029743, 1105917, 1124695, 916122]"
1957,"[1040807, 8177622, 5568378, 1106523, 5569230]"
1750,[]
2222,"[5569230, 1075368, 1101010, 965766, 1034176]"
1904,"[1029743, 976199, 983584, 1126899, 1070820]"
1896,"[1075368, 1082185, 1037840, 1029743, 1022254]"
2211,"[1126899, 1070820, 1126045, 1029743, 6533936]"
2058,"[14106445, 1022254, 5569471, 1116050, 1006342]"
1881,"[1110695, 901062, 913210, 1137775, 959316]"
2461,"[1022254, 857503, 866211, 1098844, 1029743]"
1890,"[1126899, 916122, 1061982, 1029743, 872137]"
53,"[6034857, 5569471, 1029743, 1106523, 906335]"
138,"[1070820, 933835, 1101010, 899624, 979707]"
2319,"[1029743, 1013928, 1106523, 838186, 1075368]"
1899,"[1029743, 1122358, 1070820, 1040807, 957063]"
2499,"[5568378, 5569327, 1070820, 899624, 1051211]"
1132,"[1025611, 1044078, 910673, 1004906, 1106523]"
810,"[993638, 961979, 999250, 1026118, 8090440]"
1047,"[12301100, 1029743, 899624, 1106523, 1044078]"
608,"[1106523, 6979753, 863762, 941856, 1013928]"
2136,"[9707498, 901062, 1029743, 899624, 878996]"
466,"[1068719, 1029743, 1025611, 989069, 916122]"
1067,"[1029743, 1082185, 1126899, 1075368, 933835]"
330,"[1004906, 13841744, 916122, 899624, 991874]"
820,"[1106523, 1029743, 1004906, 8090509, 852015]"
402,"[13382073, 1006483, 892573, 1000237, 819978]"
1487,"[940947, 5569230, 12810393, 8090440, 951197]"
1258,"[883932, 983000, 5569471, 1051211, 872137]"
753,"[1029743, 965766, 847207, 896085, 872137]"
1649,"[1029743, 901062, 916122, 1051516, 965766]"
1092,"[1029743, 1106523, 983584, 1083787, 13841744]"
1810,"[1098284, 1029743, 1108094, 864893, 860248]"
856,"[10341855, 1022254, 1127758, 1068719, 990797]"
1194,"[1038745, 1044078, 1029743, 986912, 1022254]"
1846,"[1029743, 1106523, 871756, 5569471, 916122]"
1745,"[988697, 1106271, 1106523, 1029743, 983584]"
1458,"[962266, 933067, 976199, 1056509, 931255]"
1769,"[872137, 1040807, 1022254, 916122, 1004906]"
845,"[885290, 8090537, 833724, 6533362, 7462562]"
1195,"[1049372, 1075368, 1027168, 890695, 1029743]"
338,"[1082185, 1026118, 1004906, 1029743, 819840]"
754,"[1036347, 1126899, 866211, 1062002, 1029743]"
1594,"[901976, 1106523, 1068719, 1082185, 871756]"
666,"[860167, 1029743, 957063, 1106523, 844179]"
691,"[1082185, 825365, 1070820, 906844, 5569471]"
1687,"[957938, 1010079, 1126899, 976199, 832678]"
2155,[]
640,[]
1641,[]
39,"[1127716, 1126899, 1138487, 944836, 916122]"
350,"[9833277, 1106523, 1040807, 1075007, 885697]"
132,"[854852, 986912, 866211, 1043751, 834117]"
1145,"[986912, 1106523, 1094308, 1022254, 5569230]"
318,"[7025203, 5569230, 1106523, 1021324, 1029743]"
265,"[1029743, 8090536, 954525, 979707, 899624]"
1693,"[1126899, 6391381, 1116741, 10455984, 880427]"
1318,"[925862, 1046816, 872137, 951412, 1098844]"
1531,"[1075368, 892573, 1029743, 1068719, 972445]"
2028,"[5569230, 8090509, 907631, 12648296, 1097661]"
7,"[12524016, 1122358, 1106523, 893018, 5568378]"
425,"[1106523, 1044078, 1070820, 871756, 843464]"
2239,"[1029743, 983584, 965766, 916122, 1106523]"
965,"[12301100, 844179, 871756, 1029743, 1106523]"
992,"[909714, 1029743, 935578, 913210, 960732]"
725,"[5569327, 899624, 1106523, 1126899, 871756]"
681,"[890695, 856252, 850102, 882604, 1134483]"
124,"[1037840, 1029743, 1106523, 892531, 1118264]"
495,"[1029743, 1106523, 12810391, 990797, 12946027]"
410,"[948650, 1044078, 1029743, 871611, 916122]"
280,"[9333734, 1106523, 12731544, 999270, 6602729]"
1532,"[1113164, 862010, 965766, 1043787, 1029743]"
406,"[872137, 1017739, 951412, 6391381, 1029743]"
1488,"[1126899, 5568378, 866211, 1029743, 853998]"
1791,"[957013, 976199, 916122, 910673, 8090440]"
1993,"[1043787, 862010, 1106523, 5568729, 1029743]"
978,"[1070820, 916122, 934399, 1127831, 999104]"
1198,"[1029743, 915064, 1106523, 1092588, 879506]"
227,"[890695, 967144, 996009, 912860, 1123106]"
1089,"[1006483, 947798, 1029743, 982469, 5568721]"
1370,"[12810393, 8090521, 1106523, 899624, 844179]"
1363,"[1082212, 844179, 1029743, 971922, 1068719]"
1895,"[1044078, 1129049, 1029743, 916122, 844179]"
2408,"[9527159, 908318, 1029743, 1106523, 940947]"
1136,"[1029743, 1004906, 965766, 899624, 910032]"
1141,"[1029743, 1056509, 1106523, 13841744, 910032]"
1697,"[1044078, 993838, 1029743, 916122, 946839]"
2472,"[1122358, 1068719, 1029743, 1133254, 1128016]"
2338,"[986912, 1106523, 933835, 1139782, 1132911]"
1652,"[1034176, 1075368, 1004436, 1013928, 852856]"
1526,"[900586, 986912, 8090537, 890610, 864335]"
1959,[]
314,"[1082185, 820486, 872137, 893018, 1106523]"
1822,"[1029743, 1106523, 1044078, 1068719, 844179]"
1997,"[1126899, 976199, 866211, 5568729, 985889]"
2452,"[1074333, 1106523, 1127758, 5568378, 949023]"
1294,"[1126899, 976199, 1070820, 901062, 1004906]"
698,"[1106523, 5568378, 1029743, 957232, 1026118]"
670,"[867547, 1029743, 933835, 971922, 1022254]"
1429,"[948670, 1102845, 935993, 1013531, 1068719]"
939,"[1106523, 13841744, 1044078, 1029743, 896085]"
2171,"[999104, 965766, 1081533, 1023196, 986912]"
2041,"[1127716, 872137, 917033, 1074333, 896613]"
1708,"[12648296, 832678, 919534, 944534, 1029743]"
1632,"[1070820, 909714, 916993, 1062002, 854405]"
609,"[903529, 1029743, 1106523, 1122358, 1036939]"
288,"[1082185, 1098844, 1070820, 1026118, 1005456]"
2445,"[1029743, 976199, 933835, 893018, 844179]"
1885,"[1029743, 916122, 844179, 1044078, 957951]"
232,"[1029743, 913210, 1068719, 944139, 976199]"
886,"[1070820, 933835, 1127328, 1126899, 1029743]"
930,"[850102, 1016800, 917033, 1050741, 1029743]"
1149,"[986912, 1026118, 999250, 8090440, 899624]"
1319,"[916122, 1106523, 844179, 1029743, 947326]"
2240,"[5568378, 1106523, 983584, 916122, 844179]"
2295,"[1106523, 976199, 899624, 983584, 1056509]"
909,"[9935616, 1082185, 1029743, 976199, 899624]"
2464,"[1037840, 1075368, 1070820, 1082212, 872137]"
2063,"[1127831, 986912, 885290, 1022254, 866211]"
903,[]
30,"[1029743, 909714, 908318, 1004906, 1112238]"
135,"[898121, 1029743, 937413, 944249, 1118264]"
1806,"[1126899, 1029743, 1012587, 895295, 893018]"
241,"[12301109, 916122, 844179, 1055504, 1029743]"
2394,"[998119, 9835509, 1106523, 849202, 1029743]"
1689,"[1133254, 1000753, 1029743, 12810391, 1098284]"
2404,"[1029743, 957951, 999270, 823704, 872137]"
684,"[1050851, 957232, 965766, 929018, 825365]"
2434,"[1044078, 1106523, 969866, 904997, 916122]"
2021,"[1044078, 1029743, 844179, 896862, 1004906]"
997,"[1070820, 1019247, 1029743, 1106523, 1070272]"
531,"[1075368, 1106523, 916122, 940947, 844179]"
1747,"[1106523, 899624, 951727, 6424471, 1122358]"
1966,"[1070820, 1125497, 1075368, 944836, 833724]"
1204,"[1106523, 933835, 926905, 1029743, 957232]"
570,[]
781,"[1001277, 854405, 12946027, 910673, 1029743]"
611,"[8177622, 1029743, 5568072, 1106523, 8090536]"
1690,"[1029743, 979707, 899624, 916122, 999779]"
1362,"[7169088, 7168026, 1097350, 921406, 921438]"
2235,"[976199, 937292, 857130, 999270, 972143]"
1983,"[7166865, 1029743, 885290, 899624, 950206]"
1408,"[15452705, 1037417, 1115175, 1029743, 865511]"
1796,"[12988031, 9677236, 1029743, 965766, 1042438]"
1624,"[5569230, 1026118, 1082185, 986912, 1106523]"
1060,"[8090521, 5569230, 1022097, 916122, 852856]"
1462,"[1133312, 868868, 885290, 890695, 1062002]"
1310,"[1029743, 8293447, 1106523, 8276172, 1130858]"
544,"[12810393, 865156, 12731299, 890695, 862725]"
1360,[]
2181,"[1126899, 1068719, 1029743, 1104343, 1087102]"
393,"[1029743, 1068719, 1013928, 1044078, 916122]"
1909,"[1037840, 866025, 1075368, 959172, 972219]"
716,"[1029743, 845307, 866755, 1121393, 6034857]"
2388,"[1029743, 982469, 1106523, 871756, 1044078]"
993,"[1101010, 8090541, 1040807, 971922, 945909]"
1485,"[1106523, 1075368, 1132771, 933835, 1043787]"
1024,"[940947, 1056509, 1106523, 1040807, 1101010]"
1763,"[834396, 1037840, 6548453, 1106523, 1075368]"
502,"[871756, 1029743, 1068719, 893018, 1042438]"
2276,"[1029743, 983584, 1106523, 915493, 956672]"
2260,"[1029743, 957063, 991223, 854852, 882604]"
143,"[1106523, 1029743, 999270, 937292, 910032]"
1614,"[6773232, 863632, 6391080, 1082185, 5584646]"
847,"[1005274, 1029743, 1041796, 872137, 6464165]"
480,"[5569471, 1026118, 857503, 1098248, 854852]"
1152,"[963234, 5569471, 1110111, 1029743, 944139]"
1288,"[1090587, 1106523, 916122, 1062002, 1041796]"
2185,"[972665, 1100972, 908283, 1068719, 919534]"
1715,"[1098248, 1022254, 976199, 1098844, 1055504]"
1373,"[6034857, 1098844, 5569471, 944137, 5569845]"
2090,"[1131506, 1029743, 843464, 1106523, 852856]"
1278,[]
1738,"[957063, 1118033, 1040807, 1029743, 819978]"
242,"[1082185, 1029743, 1081177, 854852, 971922]"
1405,"[854852, 872137, 1040807, 819978, 1106523]"
591,"[1065017, 1106523, 899624, 854852, 933067]"
880,"[1029743, 1137483, 951164, 872137, 1068719]"
801,"[9245106, 9884698, 1082185, 1029743, 1106523]"
1918,"[1082185, 1029743, 934399, 6424471, 1087102]"
2359,"[1106523, 960732, 1029743, 965766, 1068719]"
429,"[948670, 1056509, 1029743, 1026118, 976199]"
21,"[1029743, 1106523, 1031864, 1004906, 899624]"
443,"[1029743, 976199, 1056509, 1106523, 899624]"
477,[]
2282,"[880228, 833724, 1070820, 1029743, 1019643]"
1985,"[5569230, 1106523, 13841744, 986912, 1004906]"
693,"[1029743, 1044188, 849202, 1122358, 1115576]"
2373,[]
1721,"[1029743, 1000753, 904129, 5582712, 925862]"
907,"[986912, 961979, 916122, 1029743, 944534]"
159,"[1131344, 1106523, 1068719, 846823, 1004906]"
483,"[1106523, 1122358, 1068719, 12695224, 832678]"
86,"[865026, 854852, 1056509, 957232, 979707]"
1083,"[908843, 933835, 13073225, 8065410, 1029743]"
2060,"[986912, 5569230, 1029743, 993638, 844179]"
1783,"[9835509, 12648296, 1029743, 1132771, 998119]"
564,"[1105488, 1029743, 965766, 1081177, 871756]"
1644,"[1029743, 1068719, 976199, 1037840, 1045586]"
2037,"[1070820, 1029743, 1106523, 990797, 1068719]"
1647,"[1056509, 1068719, 1029743, 965766, 976199]"
42,"[6602697, 5995177, 946839, 916122, 839656]"
1869,"[1126899, 940947, 916122, 1044759, 1047076]"
2305,"[9835509, 1029743, 983584, 1056509, 999858]"
2450,"[12757280, 1070820, 1022254, 1038985, 6034857]"
779,"[976199, 1009187, 6533362, 1075368, 1068719]"
2364,"[1817725, 5707857, 872137, 1056509, 976199]"
274,"[1029743, 12731714, 916122, 965766, 1106523]"
545,"[986912, 1040807, 6034857, 1029743, 852856]"
1761,"[7025204, 854852, 916122, 863447, 1132771]"
2277,"[1075368, 1106523, 1013928, 1037840, 1097001]"
435,"[8090532, 8090537, 1106523, 5569230, 1029743]"
1749,"[1135834, 1009719, 934399, 1042571, 1131488]"
225,"[987122, 1029743, 850601, 839243, 829852]"
1073,"[1082212, 956672, 1126899, 916122, 1013597]"
699,"[899624, 1043751, 1029743, 902172, 1068719]"
1193,"[1013928, 913210, 834117, 957951, 940947]"
793,"[1029743, 1106523, 872137, 1118046, 1127328]"
1115,[]
2209,"[1029743, 885290, 1098844, 1062002, 1004906]"
1157,"[1070820, 862010, 865705, 12171656, 1041796]"
71,"[1056509, 1044078, 1029743, 844179, 897954]"
166,"[1029743, 885697, 1075368, 1106523, 933835]"
524,"[1106523, 1082185, 1029743, 999104, 1076056]"
321,"[5567702, 1126899, 944836, 1056509, 878996]"
23,"[1075368, 1005274, 934399, 1029743, 1029688]"
1802,"[885290, 888835, 934948, 848319, 990797]"
1084,"[847241, 1029743, 1122358, 6704207, 844179]"
249,"[1029743, 1044078, 965766, 1068719, 916122]"
33,"[1106523, 871756, 1025611, 8090537, 854405]"
461,"[1050851, 916122, 976199, 899624, 1004906]"
1666,"[1122358, 983584, 893018, 865456, 1042438]"
1123,"[1126899, 899624, 1079528, 1054402, 1081177]"
1841,"[1062572, 999858, 872137, 1046816, 1010578]"
1163,"[1029743, 910032, 919534, 940947, 1056509]"
1147,"[1106523, 1068719, 983584, 1016800, 883932]"
680,"[1055504, 844179, 1004906, 916122, 871756]"
1978,"[1029743, 1106523, 1082212, 5569471, 838186]"
1096,"[854852, 1026118, 1022254, 6773232, 1029743]"
2385,"[1029743, 1068719, 1131438, 1106523, 910032]"
1342,[]
118,"[1082185, 893018, 1006184, 1083043, 13381584]"
2496,"[916122, 1056509, 844179, 899624, 907631]"
717,"[986912, 1016298, 1029743, 910473, 933835]"
2146,"[1029743, 904236, 882604, 849870, 925862]"
715,"[1087102, 986912, 1135834, 1106523, 1029743]"
171,"[1029743, 983584, 1044078, 1004906, 1106523]"
151,"[916122, 976199, 897954, 844179, 6602697]"
1034,[]
2477,"[1126899, 1029743, 1004906, 899624, 1106523]"
537,"[1116635, 1128163, 1065538, 1075368, 1137775]"
213,[]
1524,"[1126899, 6034857, 5578547, 5569471, 5569374]"
326,"[1037840, 8090521, 1029743, 1137346, 1106523]"
3,[]
988,"[1070820, 926905, 1044188, 1068719, 1106523]"
1330,"[1106523, 910032, 1131438, 976199, 849202]"
267,"[929373, 901976, 1029743, 935393, 1011457]"
884,[]
1892,"[1106523, 1068719, 986912, 846823, 1093413]"
1104,"[1114605, 1115576, 1065979, 901460, 948832]"
1638,"[1004906, 854754, 1029743, 854852, 1106523]"
2471,"[1106523, 1104343, 1029743, 848319, 885447]"
1996,"[1126899, 823775, 6034577, 832678, 1062128]"
1231,"[1082185, 1029743, 1106523, 1015474, 939546]"
1465,"[1029743, 824180, 1042616, 976199, 872137]"
2026,[]
316,"[956486, 1044078, 1029743, 933835, 1068719]"
2250,"[12731432, 1094308, 7167903, 1029743, 983584]"
606,"[1029743, 970160, 5568729, 1026118, 1004906]"
1593,"[957232, 898121, 1029743, 937292, 999714]"
1887,"[1126899, 1106523, 872137, 1029743, 957232]"
1070,"[1029743, 986912, 899624, 965766, 6533936]"
1809,"[1082185, 1106523, 1029743, 957232, 12810393]"
1189,"[1082185, 1029743, 1106523, 1026118, 904997]"
1075,"[10149640, 1029743, 823704, 999270, 1106523]"
1646,[]
1,"[5577022, 8293439, 10149640, 9527558, 940947]"
2341,"[1106523, 1044078, 844179, 899624, 1098284]"
1668,"[1106523, 1029743, 1068719, 894439, 976199]"
50,[]
194,"[854852, 845208, 6391381, 951412, 1029743]"
1119,"[834117, 940947, 1044078, 8177622, 913210]"
169,"[944139, 1016800, 1099164, 1043494, 1029743]"
1964,"[986912, 910032, 880150, 916122, 884686]"
366,"[12810422, 1106523, 1044078, 844179, 1029743]"
1124,"[8090521, 1106523, 1042544, 1029743, 8090537]"
659,"[5569845, 1029743, 916122, 12810393, 844179]"
471,[]
1706,"[1037840, 1075368, 1101010, 910032, 6034857]"
1214,[]
1717,"[1029743, 858439, 1055425, 1106523, 1089954]"
1221,"[1029743, 915493, 1034176, 999104, 1098844]"
1648,"[1106523, 983584, 9553382, 1076580, 5569327]"
2079,"[8090537, 1082185, 1106523, 979707, 1026118]"
1555,"[1029743, 1041796, 1075368, 883068, 948670]"
2018,"[1082185, 1106523, 880150, 1029743, 1044078]"
613,[]
1112,"[1082185, 1075368, 1029743, 972445, 1010681]"
216,"[6533936, 1011926, 986912, 910109, 824305]"
1640,"[1106523, 1075368, 1037840, 8090532, 8090521]"
16,"[923149, 1106523, 1029743, 1100533, 5569230]"
1417,"[10198378, 13841744, 999858, 916122, 12810391]"
248,"[1126899, 1029743, 913210, 1139782, 1062002]"
734,"[6391381, 6034857, 970160, 1005274, 1029743]"
1447,"[913210, 1128016, 868683, 6391137, 1029743]"
566,[]
47,"[8119103, 980823, 872137, 6533681, 934948]"
268,"[902172, 1029743, 940947, 8090521, 1089954]"
2148,"[1107839, 1068719, 1106523, 949965, 1044078]"
217,"[1040807, 1029743, 986912, 916122, 895930]"
162,"[1122358, 1029743, 1070820, 964521, 1022428]"
2500,"[854405, 1063739, 1065538, 1068719, 1093571]"
1868,[]
623,"[1029743, 1044078, 1038985, 1004906, 899624]"
830,"[1106523, 1082185, 899624, 1029743, 948670]"
457,"[1029743, 1050851, 1051323, 871756, 916122]"
2014,"[965766, 1022254, 1029743, 1004906, 856252]"
411,"[1106523, 1082185, 899624, 1075368, 1029743]"
220,"[1068719, 1029743, 979707, 852856, 839419]"
1174,"[896862, 6904613, 1068719, 893018, 1012587]"
112,"[852856, 1062128, 849202, 910473, 1029743]"
2160,"[976199, 953539, 1029743, 874972, 916122]"
2278,"[901062, 1006184, 1022254, 965842, 951412]"
1696,"[1070820, 1082212, 971922, 1029743, 1068719]"
668,"[1037332, 1106523, 916122, 940947, 1029743]"
1552,"[944836, 1029743, 916122, 944534, 12731714]"
858,"[1070820, 1029743, 910473, 912704, 976199]"
1380,"[1029743, 7409951, 976199, 983584, 1037840]"
579,"[948670, 852856, 1037840, 1069181, 1075368]"
1518,"[844179, 1070702, 874972, 1082212, 982790]"
212,"[1029743, 1004906, 823704, 866211, 1100972]"
2072,[]
357,"[1126899, 1029743, 1106523, 1122358, 1042438]"
2112,"[1029743, 844179, 1022254, 1082212, 1126899]"
2119,"[12757140, 1029743, 965766, 1106523, 1027168]"
2333,"[1029743, 965766, 1068719, 976199, 983584]"
478,"[8203851, 1102067, 919558, 961756, 1037840]"
1281,"[1044078, 1029743, 1106523, 916122, 844179]"
323,[]
1931,"[1106523, 1068719, 843464, 823704, 896862]"
1946,"[1070820, 1082185, 12946027, 1043494, 8090509]"
286,"[1120361, 866211, 1115069, 1029743, 1081177]"
262,"[971922, 1040807, 933835, 1132771, 1101010]"
2205,"[1106523, 983584, 1085435, 1029743, 921406]"
1401,"[1044078, 1029743, 1106523, 1051211, 1135258]"
2303,"[1029743, 951412, 1002771, 998119, 971922]"
2315,[]
610,[]
353,"[1022254, 1098844, 899624, 901062, 1082212]"
1515,"[1075214, 5569230, 852856, 1034176, 1065538]"
954,"[965766, 1068719, 872137, 976199, 1029743]"
1698,"[1106523, 976199, 5585510, 916122, 899624]"
1951,"[1029743, 1004906, 1106523, 7139529, 1081177]"
2101,"[1029743, 883003, 926905, 1106523, 910032]"
1935,"[1126899, 916122, 999104, 986912, 908318]"
308,"[13841744, 1043787, 1029743, 963835, 887102]"
1790,"[13213567, 1082185, 883932, 899624, 991874]"
388,"[1029743, 893018, 1106523, 6463775, 1102879]"
1838,"[1029743, 899624, 5569471, 1056509, 990797]"
2043,"[8291322, 894439, 1029743, 1040807, 1106523]"
34,"[1044078, 916122, 844179, 1106523, 1070702]"
270,"[940947, 1029743, 1106523, 999270, 8090521]"
1103,"[1126899, 1029743, 1133254, 862535, 5569230]"
697,"[879445, 1070820, 1087102, 1106271, 880427]"
1279,"[965766, 1106523, 1044078, 8065410, 846823]"
811,"[899624, 1029743, 1006184, 901062, 866211]"
736,"[1029743, 955921, 899624, 1105917, 1116741]"
2410,"[1106523, 1037840, 1029743, 916122, 1070820]"
83,"[899624, 1059902, 1037332, 1048257, 1138631]"
1457,"[1044078, 1029743, 1106523, 863447, 916122]"
187,"[7410335, 983584, 1029743, 819978, 933835]"
1183,[]
1039,"[1029743, 5569230, 884686, 835098, 831063]"
2197,"[865456, 839243, 879504, 1029743, 1021324]"
1100,"[1029743, 965766, 899624, 976199, 866211]"
525,"[883003, 1040807, 971922, 1029743, 829852]"
1171,"[1075368, 1029743, 893018, 919534, 1065538]"
497,"[1070820, 976199, 1029743, 1106523, 1037332]"
1734,"[1106523, 1029743, 5569230, 1122568, 1075368]"
331,"[1070820, 1029743, 983659, 1051211, 1075368]"
769,"[8293447, 1106523, 1029743, 1126899, 916993]"
2253,"[983584, 1106523, 1068719, 1029743, 976199]"
1313,"[1029743, 8090521, 899624, 965766, 1106523]"
861,[]
1877,"[8090440, 1122358, 983584, 1013928, 12648296]"
139,"[1082185, 9673830, 9673969, 6034857, 1057102]"
723,"[1029743, 1082212, 999104, 1009187, 878996]"
1108,"[1088771, 940947, 999270, 910032, 1063739]"
1182,"[1106523, 880150, 899624, 1029743, 844179]"
1700,"[916122, 1029743, 907631, 871756, 5568378]"
1833,"[947201, 1000753, 983584, 916122, 899624]"
339,"[1106523, 1056509, 896085, 865456, 998206]"
2287,"[1029743, 1082212, 971922, 1106523, 1087102]"
602,"[1029743, 1027168, 1106523, 950206, 998119]"
244,"[1004906, 883003, 1052729, 1107839, 1006184]"
836,"[990869, 916993, 1042544, 1037840, 851287]"
1368,"[12263692, 916122, 944137, 1029743, 12301405]"
191,"[910032, 841220, 1002850, 1029743, 999270]"
2179,"[1029743, 1068719, 995965, 922127, 1070820]"
1344,"[1029743, 872137, 850102, 1008288, 1098435]"
90,[]
2323,"[904236, 995478, 1070820, 1029743, 976199]"
547,"[1029743, 885290, 1101010, 1040807, 892573]"
514,"[1105488, 1127831, 1098248, 1062002, 909714]"
1861,"[1029743, 1082185, 1068719, 5568378, 871756]"
100,"[849202, 1012587, 983584, 890695, 926905]"
1236,"[8090521, 5569230, 965766, 1106523, 902172]"
1766,"[1029743, 883003, 1068719, 1106523, 965766]"
1882,"[1075368, 1070820, 1106523, 1037840, 1029743]"
1886,[]
777,"[1132771, 6533608, 1070820, 1029743, 1046816]"
1779,"[1070820, 1004906, 1101010, 1135834, 986912]"
2317,"[1082185, 1029743, 933835, 916122, 944836]"
1087,"[1106523, 1044078, 1029743, 899624, 1038663]"
1295,"[1029743, 1106523, 1122358, 931255, 948670]"
1669,"[1126899, 1029743, 1106523, 1068719, 976199]"
2089,"[1126899, 1029743, 999391, 1106523, 855454]"
2172,"[1029743, 837304, 849202, 864279, 901062]"
111,"[1106523, 899624, 1004906, 909268, 1112238]"
1784,"[979707, 1051516, 994894, 899624, 1098248]"
662,"[1070272, 983584, 850102, 1106523, 8090537]"
1903,"[1029743, 1106523, 917033, 926905, 965530]"
254,"[1106523, 1029743, 990797, 1067749, 1068719]"
1662,"[1126899, 916122, 1098844, 880427, 1070820]"
713,"[1075368, 5569230, 1029743, 1052294, 885290]"
1331,"[1031316, 1029743, 1102416, 963686, 1029252]"
1299,"[8090521, 979707, 913210, 899624, 1029743]"
333,[]
1242,[]
1765,"[1016709, 1029743, 1043494, 1133254, 916122]"
1388,"[5570383, 998119, 1042544, 1068719, 1041796]"
1660,"[1106523, 6602697, 1029743, 1124695, 944139]"
1463,"[986912, 8090560, 933835, 1075368, 8090537]"
2457,"[1134210, 1106523, 901062, 976199, 1104343]"
2437,"[1070820, 7409644, 1048257, 7409618, 862010]"
284,[]
1789,"[957063, 1004436, 1029743, 1106523, 825731]"
1523,[]
2223,"[1131344, 836445, 863762, 878222, 5568378]"
2081,[]
1695,"[1082185, 1028422, 1106523, 1029743, 1134483]"
576,"[849202, 1029688, 1029272, 989830, 931579]"
595,"[1106523, 922561, 1013389, 1029743, 1004906]"
1628,[]
1743,"[7442008, 1029743, 990797, 1037840, 1041796]"
446,[]
1201,"[1056509, 8090537, 1029743, 865456, 839438]"
2153,"[13841744, 1029743, 944139, 1004906, 1106523]"
1131,"[1029743, 916122, 950206, 1043920, 999858]"
2022,"[1082185, 1098844, 1029743, 854852, 906335]"
581,"[1126899, 1070820, 983584, 1042942, 1128016]"
407,"[1029743, 1097001, 8090521, 1106523, 1068719]"
1553,"[899624, 1037840, 1029743, 1075368, 965766]"
1712,"[1068719, 1037840, 1126899, 901062, 982469]"
904,"[1029743, 1106523, 891505, 836445, 913210]"
837,"[1138467, 901062, 1029743, 1126899, 854852]"
1571,"[1062128, 976199, 1118946, 1029743, 954966]"
794,"[950638, 1126899, 865026, 854852, 1042907]"
2000,"[926905, 8090537, 1068719, 1016800, 8090521]"
507,"[1014948, 1029743, 1044259, 976199, 1127716]"
749,[]
72,"[8019681, 976199, 979707, 5585510, 1004906]"
1208,"[1031316, 1029743, 899624, 1106523, 10198378]"
814,"[854405, 1029743, 916122, 844179, 1041796]"
1500,"[852856, 834117, 1091090, 1133254, 1059153]"
1730,"[1029743, 5569230, 1106523, 1070820, 1092588]"
1053,"[971922, 1137775, 1029743, 979707, 1138443]"
1991,"[1044078, 916122, 926905, 825365, 1029743]"
2202,"[1097001, 1029743, 1121694, 841016, 1037840]"
1382,"[1029743, 913210, 1128016, 5569230, 8090532]"
999,"[1029743, 983584, 944139, 6704207, 1053754]"
942,"[1087102, 1029743, 1015539, 893018, 1044078]"
1222,"[1091090, 933835, 916122, 1037840, 1106523]"
1005,"[12301100, 1132231, 1004906, 916122, 844179]"
1502,"[1070820, 6904613, 862010, 1003257, 852856]"
264,"[926905, 6391086, 829852, 957232, 8177622]"
2174,"[1075368, 1029743, 986912, 1005173, 933835]"
2161,"[1126899, 1029743, 890610, 958208, 995965]"
742,"[1106523, 1037840, 983584, 965766, 992622]"
2258,"[1126899, 1082212, 1106523, 866211, 1068719]"
2482,"[983584, 1029743, 1106523, 899624, 944139]"
1064,"[965766, 1043494, 1093571, 5568729, 8090532]"
1811,"[1135258, 1106523, 916122, 1029743, 844179]"
116,"[1029743, 1106523, 1019637, 1104343, 1068719]"
1728,"[9296919, 1106523, 890695, 865156, 863762]"
2138,"[1029743, 1106523, 916122, 1075368, 1056509]"
2195,"[1126899, 1029743, 1055504, 1062002, 1011926]"
1069,"[999858, 1029743, 904129, 916122, 1082185]"
168,[]
197,"[1126899, 1029743, 963835, 9881593, 838186]"
257,"[1106523, 1038663, 1093413, 993638, 1029743]"
1967,"[1070820, 1029743, 866211, 916993, 990797]"
1780,"[1082185, 908318, 1044078, 1106523, 1038663]"
865,"[1106523, 6443332, 1029743, 899624, 1075368]"
1867,"[849202, 916122, 844179, 897954, 1029743]"
1334,"[1106523, 1029743, 907631, 969945, 868548]"
1683,"[1029743, 5569471, 5574377, 979707, 976199]"
1437,"[1029743, 899624, 1044078, 1004906, 893018]"
2435,"[12731517, 10198378, 1029743, 1106523, 1055504]"
2283,"[1106523, 6534077, 916122, 883003, 976199]"
2442,"[1126899, 1106523, 1029743, 7442180, 940947]"
375,"[1029743, 1106523, 8090532, 965766, 1068719]"
927,"[1029743, 1106523, 976199, 1070820, 1005274]"
2397,"[883932, 865026, 1135834, 1029743, 1116376]"
1733,"[6904613, 894439, 986912, 1043787, 892573]"
818,"[1029743, 1106523, 901062, 1051211, 1128016]"
1259,"[6533608, 1126899, 916993, 1029743, 1106523]"
1739,"[1029743, 1106523, 5568378, 916122, 13841744]"
770,"[1029743, 1133254, 5569230, 1106523, 1070820]"
126,"[1004906, 1025611, 933067, 836445, 866211]"
1699,"[993638, 830203, 986912, 1048445, 933835]"
701,"[13115579, 835098, 957232, 944137, 1004001]"
383,"[842630, 1126899, 1098844, 979707, 916122]"
515,"[1106523, 5585510, 8090521, 7139529, 1081177]"
1389,"[986912, 1110218, 862535, 871756, 964120]"
1263,"[12262778, 1029743, 1016800, 12810393, 874972]"
300,"[1106523, 1029743, 871756, 1041796, 832678]"
1202,"[1029743, 1106523, 836085, 1009719, 1097001]"
711,"[1106523, 1037840, 983584, 1068719, 1098284]"
2173,"[913210, 899624, 916990, 1105488, 1062002]"
1410,"[1029743, 1051211, 976199, 865456, 1106523]"
1519,"[1070820, 5569230, 916122, 8090521, 1004906]"
167,"[9297151, 962266, 1072693, 1029743, 13417954]"
1787,[]
1196,"[901062, 857503, 1047076, 1029743, 854852]"
1587,"[1029743, 899624, 916122, 934639, 844179]"
107,"[1029743, 1106523, 7442008, 1014948, 957063]"
2294,"[1132771, 1082185, 1106523, 1029743, 1075368]"
1155,"[893018, 965766, 926905, 1016800, 907099]"
196,"[1070702, 1082185, 1106523, 1044078, 916122]"
1898,"[1029743, 866540, 1123106, 1068719, 976199]"
593,"[1106523, 1029743, 853998, 854852, 1059902]"
665,"[1059153, 875089, 13072850, 1007240, 1037840]"
1862,"[1110409, 8090537, 5569230, 8090532, 1006264]"
1038,"[1029743, 1106523, 885290, 893018, 925862]"
1560,"[1121384, 1029743, 1106523, 823704, 916122]"
2042,[]
2399,[]
1003,"[1070820, 976199, 5981074, 5590695, 1029743]"
1350,"[1029743, 919534, 1106523, 965766, 1051323]"
1403,[]
877,"[1126899, 1000237, 10456152, 859427, 1022254]"
1891,"[1082185, 1055425, 1029743, 7025250, 6602697]"
1216,"[5569230, 5569471, 946995, 1135834, 999625]"
1361,[]
385,"[8065410, 6034857, 1087102, 933835, 1126899]"
1688,[]
557,"[1126899, 1029743, 917772, 1106523, 7409951]"
1512,"[1029743, 983584, 990797, 8090536, 1004436]"
508,"[1127758, 1029743, 1101010, 1106523, 1004906]"
1889,[]
1713,"[1082627, 851188, 913210, 13841744, 1032703]"
1357,"[866548, 983897, 1070820, 1029743, 1106523]"
1209,"[953539, 1029743, 957951, 933835, 986912]"
987,"[986912, 1070820, 849202, 933835, 1034176]"
2288,"[986912, 1126899, 933835, 1018740, 1044078]"
1265,"[1042544, 1029743, 1106523, 976199, 1060872]"
348,"[1056509, 1127758, 899624, 1068719, 1025611]"
2379,"[860248, 1029743, 1126899, 1081177, 931255]"
721,"[1126899, 1029743, 960732, 930918, 910473]"
35,"[6464165, 1126899, 1106523, 1115175, 1029743]"
1929,"[1075368, 933835, 1106523, 899624, 896085]"
984,"[9655078, 1022254, 1029743, 901062, 1106523]"
140,"[1037840, 1137346, 1110244, 1106523, 998206]"
1992,"[1050741, 1029743, 1042438, 1018818, 8090532]"
506,"[1029743, 1062128, 995876, 1027168, 1106523]"
969,"[1029743, 1106523, 1135834, 863762, 1086119]"
2369,"[878285, 1029743, 8090440, 1040807, 914318]"
548,"[1098435, 1001333, 1094924, 1116741, 849202]"
1755,"[916122, 999714, 1093413, 871756, 872137]"
1280,[]
2001,"[852856, 912704, 1075368, 1126899, 1070820]"
2145,[]
1086,"[971922, 1029743, 1008074, 883003, 844179]"
1414,"[1126899, 1029743, 968992, 1068719, 1037840]"
437,"[1029743, 948670, 913210, 1106523, 844179]"
146,"[1101175, 1029743, 1106523, 1068719, 925862]"
1025,"[1106523, 1029743, 983584, 8090521, 8090537]"
1853,"[1029743, 849202, 1106523, 1021116, 1068719]"
1578,"[916122, 1029743, 829852, 931255, 1068719]"
29,"[1106523, 899624, 891505, 1029743, 854852]"
2103,[]
1252,"[1029743, 899624, 1006184, 854852, 1106523]"
2248,"[1029743, 983584, 999104, 1087102, 1042438]"
70,"[1037840, 1075368, 852856, 1068719, 1056509]"
1871,"[1026118, 944836, 916122, 854852, 844179]"
245,"[12731517, 1044078, 1029743, 1106523, 835300]"
1110,"[1070820, 1106523, 1775642, 1008288, 1044078]"
643,"[6534035, 1093571, 1029743, 1106523, 6424472]"
2354,"[1126899, 913210, 944836, 916122, 834117]"
247,"[8090537, 986912, 1106523, 1029743, 901062]"
